ISO3,Country_Name,Year,HDI,Happiness_Score,LS_imputiert
AFG,Afghanistan,2007,0.426,3.903,TRUE
AFG,Afghanistan,2008,0.431,3.724,FALSE
AFG,Afghanistan,2009,0.441,4.402,FALSE
AFG,Afghanistan,2010,0.449,4.758,FALSE
AFG,Afghanistan,2011,0.457,3.832,FALSE
AFG,Afghanistan,2012,0.467,3.783,FALSE
AFG,Afghanistan,2013,0.475,3.572,FALSE
AFG,Afghanistan,2014,0.48,3.131,FALSE
AFG,Afghanistan,2015,0.479,3.983,FALSE
AFG,Afghanistan,2016,0.483,4.22,FALSE
AFG,Afghanistan,2017,0.485,2.662,FALSE
AFG,Afghanistan,2018,0.486,2.694,FALSE
AFG,Afghanistan,2019,0.492,2.375,FALSE
AFG,Afghanistan,2020,0.488,3.202,TRUE
AFG,Afghanistan,2021,0.473,2.436,FALSE
AFG,Afghanistan,2022,0.462,1.281,FALSE
ALB,Albania,2007,0.74,4.634,FALSE
ALB,Albania,2008,0.747,4.801,TRUE
ALB,Albania,2009,0.752,5.485,FALSE
ALB,Albania,2010,0.766,5.269,FALSE
ALB,Albania,2011,0.779,5.867,FALSE
ALB,Albania,2012,0.789,5.51,FALSE
ALB,Albania,2013,0.793,4.551,FALSE
ALB,Albania,2014,0.797,4.814,FALSE
ALB,Albania,2015,0.797,4.607,FALSE
ALB,Albania,2016,0.795,4.511,FALSE
ALB,Albania,2017,0.796,4.64,FALSE
ALB,Albania,2018,0.797,5.004,FALSE
ALB,Albania,2019,0.8,4.995,FALSE
ALB,Albania,2020,0.784,5.365,FALSE
ALB,Albania,2021,0.785,5.255,FALSE
ALB,Albania,2022,0.789,5.212,FALSE
ARE,United Arab Emirates,2007,0.825,7.396,TRUE
ARE,United Arab Emirates,2008,0.827,7.119,TRUE
ARE,United Arab Emirates,2009,0.825,6.866,FALSE
ARE,United Arab Emirates,2010,0.828,7.097,FALSE
ARE,United Arab Emirates,2011,0.835,7.119,FALSE
ARE,United Arab Emirates,2012,0.841,7.218,FALSE
ARE,United Arab Emirates,2013,0.847,6.621,FALSE
ARE,United Arab Emirates,2014,0.853,6.54,FALSE
ARE,United Arab Emirates,2015,0.86,6.568,FALSE
ARE,United Arab Emirates,2016,0.866,6.831,FALSE
ARE,United Arab Emirates,2017,0.898,7.039,FALSE
ARE,United Arab Emirates,2018,0.917,6.604,FALSE
ARE,United Arab Emirates,2019,0.933,6.711,FALSE
ARE,United Arab Emirates,2020,0.93,6.458,FALSE
ARE,United Arab Emirates,2021,0.931,6.733,FALSE
ARE,United Arab Emirates,2022,0.937,6.738,FALSE
ARG,Argentina,2007,0.817,6.073,FALSE
ARG,Argentina,2008,0.825,5.961,FALSE
ARG,Argentina,2009,0.827,6.424,FALSE
ARG,Argentina,2010,0.834,6.441,FALSE
ARG,Argentina,2011,0.842,6.776,FALSE
ARG,Argentina,2012,0.844,6.468,FALSE
ARG,Argentina,2013,0.846,6.582,FALSE
ARG,Argentina,2014,0.847,6.671,FALSE
ARG,Argentina,2015,0.85,6.697,FALSE
ARG,Argentina,2016,0.848,6.427,FALSE
ARG,Argentina,2017,0.853,6.039,FALSE
ARG,Argentina,2018,0.852,5.793,FALSE
ARG,Argentina,2019,0.853,6.086,FALSE
ARG,Argentina,2020,0.841,5.901,FALSE
ARG,Argentina,2021,0.844,5.908,FALSE
ARG,Argentina,2022,0.849,6.261,FALSE
ARM,Armenia,2007,0.73,4.882,FALSE
ARM,Armenia,2008,0.733,4.652,FALSE
ARM,Armenia,2009,0.732,4.178,FALSE
ARM,Armenia,2010,0.739,4.368,FALSE
ARM,Armenia,2011,0.743,4.26,FALSE
ARM,Armenia,2012,0.751,4.32,FALSE
ARM,Armenia,2013,0.757,4.277,FALSE
ARM,Armenia,2014,0.764,4.453,FALSE
ARM,Armenia,2015,0.769,4.348,FALSE
ARM,Armenia,2016,0.773,4.325,FALSE
ARM,Armenia,2017,0.775,4.288,FALSE
ARM,Armenia,2018,0.781,5.062,FALSE
ARM,Armenia,2019,0.789,5.488,FALSE
ARM,Armenia,2020,0.769,4.816,TRUE
ARM,Armenia,2021,0.774,5.301,FALSE
ARM,Armenia,2022,0.786,5.382,FALSE
AUS,Australia,2007,0.916,7.285,FALSE
AUS,Australia,2008,0.92,7.254,FALSE
AUS,Australia,2009,0.922,7.229,TRUE
AUS,Australia,2010,0.924,7.45,FALSE
AUS,Australia,2011,0.927,7.406,FALSE
AUS,Australia,2012,0.931,7.196,FALSE
AUS,Australia,2013,0.929,7.364,FALSE
AUS,Australia,2014,0.931,7.289,FALSE
AUS,Australia,2015,0.933,7.309,FALSE
AUS,Australia,2016,0.936,7.25,FALSE
AUS,Australia,2017,0.937,7.257,FALSE
AUS,Australia,2018,0.941,7.177,FALSE
AUS,Australia,2019,0.941,7.234,FALSE
AUS,Australia,2020,0.948,7.137,FALSE
AUS,Australia,2021,0.949,7.112,FALSE
AUS,Australia,2022,0.946,7.035,FALSE
AUT,Austria,2007,0.896,7.259,TRUE
AUT,Austria,2008,0.899,7.181,FALSE
AUT,Austria,2009,0.898,7.234,TRUE
AUT,Austria,2010,0.903,7.303,FALSE
AUT,Austria,2011,0.907,7.471,FALSE
AUT,Austria,2012,0.909,7.401,FALSE
AUT,Austria,2013,0.907,7.499,FALSE
AUT,Austria,2014,0.911,6.95,FALSE
AUT,Austria,2015,0.91,7.076,FALSE
AUT,Austria,2016,0.913,7.048,FALSE
AUT,Austria,2017,0.914,7.294,FALSE
AUT,Austria,2018,0.917,7.396,FALSE
AUT,Austria,2019,0.92,7.195,FALSE
AUT,Austria,2020,0.916,7.213,FALSE
AUT,Austria,2021,0.92,7.08,FALSE
AUT,Austria,2022,0.926,6.999,FALSE
AZE,Azerbaijan,2007,0.714,4.568,FALSE
AZE,Azerbaijan,2008,0.723,4.817,FALSE
AZE,Azerbaijan,2009,0.729,4.574,FALSE
AZE,Azerbaijan,2010,0.733,4.219,FALSE
AZE,Azerbaijan,2011,0.735,4.68,FALSE
AZE,Azerbaijan,2012,0.739,4.911,FALSE
AZE,Azerbaijan,2013,0.745,5.481,FALSE
AZE,Azerbaijan,2014,0.749,5.252,FALSE
AZE,Azerbaijan,2015,0.751,5.147,FALSE
AZE,Azerbaijan,2016,0.752,5.304,FALSE
AZE,Azerbaijan,2017,0.754,5.152,FALSE
AZE,Azerbaijan,2018,0.757,5.168,FALSE
AZE,Azerbaijan,2019,0.762,5.173,FALSE
AZE,Azerbaijan,2020,0.722,5.174,TRUE
AZE,Azerbaijan,2021,0.738,5.106,TRUE
AZE,Azerbaijan,2022,0.76,4.576,FALSE
BEL,Belgium,2007,0.907,7.219,FALSE
BEL,Belgium,2008,0.909,7.117,FALSE
BEL,Belgium,2009,0.91,6.8,TRUE
BEL,Belgium,2010,0.913,6.854,FALSE
BEL,Belgium,2011,0.914,7.111,FALSE
BEL,Belgium,2012,0.915,6.935,FALSE
BEL,Belgium,2013,0.917,7.104,FALSE
BEL,Belgium,2014,0.922,6.855,FALSE
BEL,Belgium,2015,0.924,6.904,FALSE
BEL,Belgium,2016,0.927,6.949,FALSE
BEL,Belgium,2017,0.931,6.928,FALSE
BEL,Belgium,2018,0.933,6.892,FALSE
BEL,Belgium,2019,0.936,6.772,FALSE
BEL,Belgium,2020,0.93,6.839,FALSE
BEL,Belgium,2021,0.938,6.882,FALSE
BEL,Belgium,2022,0.942,6.857,FALSE
BEN,Benin,2007,0.464,4.158,TRUE
BEN,Benin,2008,0.47,3.667,FALSE
BEN,Benin,2009,0.475,3.956,TRUE
BEN,Benin,2010,0.481,3.995,TRUE
BEN,Benin,2011,0.486,3.87,FALSE
BEN,Benin,2012,0.494,3.193,FALSE
BEN,Benin,2013,0.503,3.479,FALSE
BEN,Benin,2014,0.506,3.347,FALSE
BEN,Benin,2015,0.509,3.625,FALSE
BEN,Benin,2016,0.508,4.007,FALSE
BEN,Benin,2017,0.505,4.853,FALSE
BEN,Benin,2018,0.506,5.82,FALSE
BEN,Benin,2019,0.506,4.976,FALSE
BEN,Benin,2020,0.501,4.408,FALSE
BEN,Benin,2021,0.502,4.493,FALSE
BEN,Benin,2022,0.504,4.217,FALSE
BFA,Burkina Faso,2007,0.339,4.017,FALSE
BFA,Burkina Faso,2008,0.352,3.846,FALSE
BFA,Burkina Faso,2009,0.362,4.277,TRUE
BFA,Burkina Faso,2010,0.372,4.036,FALSE
BFA,Burkina Faso,2011,0.383,4.785,FALSE
BFA,Burkina Faso,2012,0.393,3.955,FALSE
BFA,Burkina Faso,2013,0.399,3.326,FALSE
BFA,Burkina Faso,2014,0.403,3.481,FALSE
BFA,Burkina Faso,2015,0.413,4.419,FALSE
BFA,Burkina Faso,2016,0.422,4.206,FALSE
BFA,Burkina Faso,2017,0.432,4.647,FALSE
BFA,Burkina Faso,2018,0.443,4.927,FALSE
BFA,Burkina Faso,2019,0.446,4.741,FALSE
BFA,Burkina Faso,2020,0.446,4.64,FALSE
BFA,Burkina Faso,2021,0.445,4.636,FALSE
BFA,Burkina Faso,2022,0.438,4.098,TRUE
BGD,Bangladesh,2007,0.533,4.607,FALSE
BGD,Bangladesh,2008,0.535,5.052,FALSE
BGD,Bangladesh,2009,0.547,5.083,FALSE
BGD,Bangladesh,2010,0.558,4.858,FALSE
BGD,Bangladesh,2011,0.565,4.986,FALSE
BGD,Bangladesh,2012,0.575,4.724,FALSE
BGD,Bangladesh,2013,0.577,4.66,FALSE
BGD,Bangladesh,2014,0.585,4.636,FALSE
BGD,Bangladesh,2015,0.604,4.633,FALSE
BGD,Bangladesh,2016,0.613,4.556,FALSE
BGD,Bangladesh,2017,0.622,4.31,FALSE
BGD,Bangladesh,2018,0.636,4.499,FALSE
BGD,Bangladesh,2019,0.646,5.114,FALSE
BGD,Bangladesh,2020,0.657,5.28,FALSE
BGD,Bangladesh,2021,0.662,4.123,FALSE
BGD,Bangladesh,2022,0.67,3.408,FALSE
BGR,Bulgaria,2007,0.776,3.844,FALSE
BGR,Bulgaria,2008,0.782,4.63,TRUE
BGR,Bulgaria,2009,0.784,4.584,TRUE
BGR,Bulgaria,2010,0.79,3.912,FALSE
BGR,Bulgaria,2011,0.794,3.875,FALSE
BGR,Bulgaria,2012,0.798,4.222,FALSE
BGR,Bulgaria,2013,0.804,3.993,FALSE
BGR,Bulgaria,2014,0.807,4.438,FALSE
BGR,Bulgaria,2015,0.809,4.865,FALSE
BGR,Bulgaria,2016,0.81,4.838,FALSE
BGR,Bulgaria,2017,0.81,5.097,FALSE
BGR,Bulgaria,2018,0.811,5.099,FALSE
BGR,Bulgaria,2019,0.813,5.108,FALSE
BGR,Bulgaria,2020,0.802,5.598,FALSE
BGR,Bulgaria,2021,0.796,5.422,FALSE
BGR,Bulgaria,2022,0.799,5.378,FALSE
BIH,Bosnia and Herzegovina,2007,0.702,4.9,FALSE
BIH,Bosnia and Herzegovina,2008,0.714,5.333,TRUE
BIH,Bosnia and Herzegovina,2009,0.716,4.963,FALSE
BIH,Bosnia and Herzegovina,2010,0.718,4.669,FALSE
BIH,Bosnia and Herzegovina,2011,0.723,4.995,FALSE
BIH,Bosnia and Herzegovina,2012,0.735,4.773,FALSE
BIH,Bosnia and Herzegovina,2013,0.745,5.124,FALSE
BIH,Bosnia and Herzegovina,2014,0.751,5.249,FALSE
BIH,Bosnia and Herzegovina,2015,0.757,5.117,FALSE
BIH,Bosnia and Herzegovina,2016,0.767,5.181,FALSE
BIH,Bosnia and Herzegovina,2017,0.77,5.09,FALSE
BIH,Bosnia and Herzegovina,2018,0.774,5.887,FALSE
BIH,Bosnia and Herzegovina,2019,0.78,6.016,FALSE
BIH,Bosnia and Herzegovina,2020,0.776,5.516,FALSE
BIH,Bosnia and Herzegovina,2021,0.776,5.749,FALSE
BIH,Bosnia and Herzegovina,2022,0.779,5.872,FALSE
BLR,Belarus,2007,0.772,5.617,FALSE
BLR,Belarus,2008,0.782,5.463,FALSE
BLR,Belarus,2009,0.784,5.564,FALSE
BLR,Belarus,2010,0.79,5.526,FALSE
BLR,Belarus,2011,0.798,5.225,FALSE
BLR,Belarus,2012,0.805,5.749,FALSE
BLR,Belarus,2013,0.806,5.876,FALSE
BLR,Belarus,2014,0.81,5.812,FALSE
BLR,Belarus,2015,0.809,5.719,FALSE
BLR,Belarus,2016,0.809,5.178,FALSE
BLR,Belarus,2017,0.811,5.553,FALSE
BLR,Belarus,2018,0.812,5.234,FALSE
BLR,Belarus,2019,0.81,5.821,FALSE
BLR,Belarus,2020,0.8,5.841,TRUE
BLR,Belarus,2021,0.801,5.637,TRUE
BLR,Belarus,2022,0.801,5.722,TRUE
BOL,Bolivia,2007,0.644,5.628,FALSE
BOL,Bolivia,2008,0.651,5.298,FALSE
BOL,Bolivia,2009,0.657,6.086,FALSE
BOL,Bolivia,2010,0.661,5.781,FALSE
BOL,Bolivia,2011,0.667,5.779,FALSE
BOL,Bolivia,2012,0.673,6.019,FALSE
BOL,Bolivia,2013,0.681,5.767,FALSE
BOL,Bolivia,2014,0.683,5.865,FALSE
BOL,Bolivia,2015,0.688,5.834,FALSE
BOL,Bolivia,2016,0.7,5.77,FALSE
BOL,Bolivia,2017,0.707,5.651,FALSE
BOL,Bolivia,2018,0.712,5.916,FALSE
BOL,Bolivia,2019,0.715,5.674,FALSE
BOL,Bolivia,2020,0.691,5.559,FALSE
BOL,Bolivia,2021,0.691,5.569,FALSE
BOL,Bolivia,2022,0.698,5.929,FALSE
BRA,Brazil,2007,0.708,6.321,FALSE
BRA,Brazil,2008,0.714,6.691,FALSE
BRA,Brazil,2009,0.717,7.001,FALSE
BRA,Brazil,2010,0.722,6.837,FALSE
BRA,Brazil,2011,0.727,7.038,FALSE
BRA,Brazil,2012,0.732,6.66,FALSE
BRA,Brazil,2013,0.75,7.14,FALSE
BRA,Brazil,2014,0.753,6.981,FALSE
BRA,Brazil,2015,0.752,6.547,FALSE
BRA,Brazil,2016,0.753,6.375,FALSE
BRA,Brazil,2017,0.758,6.333,FALSE
BRA,Brazil,2018,0.762,6.191,FALSE
BRA,Brazil,2019,0.764,6.451,FALSE
BRA,Brazil,2020,0.758,6.11,FALSE
BRA,Brazil,2021,0.756,6.01,FALSE
BRA,Brazil,2022,0.76,6.257,FALSE
BWA,Botswana,2007,0.629,4.466,TRUE
BWA,Botswana,2008,0.637,5.451,FALSE
BWA,Botswana,2009,0.639,3.903,TRUE
BWA,Botswana,2010,0.652,3.553,FALSE
BWA,Botswana,2011,0.66,3.52,FALSE
BWA,Botswana,2012,0.664,4.836,FALSE
BWA,Botswana,2013,0.676,4.128,FALSE
BWA,Botswana,2014,0.683,4.031,FALSE
BWA,Botswana,2015,0.688,3.762,FALSE
BWA,Botswana,2016,0.697,3.499,FALSE
BWA,Botswana,2017,0.705,3.505,FALSE
BWA,Botswana,2018,0.7,3.461,FALSE
BWA,Botswana,2019,0.703,3.471,FALSE
BWA,Botswana,2020,0.701,3.598,TRUE
BWA,Botswana,2021,0.68,4.239,TRUE
BWA,Botswana,2022,0.708,3.435,FALSE
CAN,Canada,2007,0.907,7.482,FALSE
CAN,Canada,2008,0.909,7.486,FALSE
CAN,Canada,2009,0.91,7.488,FALSE
CAN,Canada,2010,0.911,7.65,FALSE
CAN,Canada,2011,0.914,7.426,FALSE
CAN,Canada,2012,0.921,7.415,FALSE
CAN,Canada,2013,0.923,7.594,FALSE
CAN,Canada,2014,0.925,7.304,FALSE
CAN,Canada,2015,0.927,7.413,FALSE
CAN,Canada,2016,0.928,7.245,FALSE
CAN,Canada,2017,0.929,7.415,FALSE
CAN,Canada,2018,0.93,7.175,FALSE
CAN,Canada,2019,0.932,7.109,FALSE
CAN,Canada,2020,0.928,7.025,FALSE
CAN,Canada,2021,0.934,6.939,FALSE
CAN,Canada,2022,0.935,6.918,FALSE
CHL,Chile,2007,0.801,5.698,FALSE
CHL,Chile,2008,0.812,5.789,FALSE
CHL,Chile,2009,0.811,6.494,FALSE
CHL,Chile,2010,0.813,6.636,FALSE
CHL,Chile,2011,0.816,6.526,FALSE
CHL,Chile,2012,0.824,6.599,FALSE
CHL,Chile,2013,0.837,6.74,FALSE
CHL,Chile,2014,0.841,6.844,FALSE
CHL,Chile,2015,0.846,6.533,FALSE
CHL,Chile,2016,0.851,6.579,FALSE
CHL,Chile,2017,0.854,6.32,FALSE
CHL,Chile,2018,0.856,6.436,FALSE
CHL,Chile,2019,0.859,5.942,FALSE
CHL,Chile,2020,0.849,6.151,FALSE
CHL,Chile,2021,0.856,6.436,FALSE
CHL,Chile,2022,0.86,6.415,FALSE
CHN,China,2007,0.668,4.863,FALSE
CHN,China,2008,0.678,4.846,FALSE
CHN,China,2009,0.689,4.454,FALSE
CHN,China,2010,0.698,4.653,FALSE
CHN,China,2011,0.706,5.037,FALSE
CHN,China,2012,0.715,5.095,FALSE
CHN,China,2013,0.723,5.241,FALSE
CHN,China,2014,0.732,5.196,FALSE
CHN,China,2015,0.741,5.304,FALSE
CHN,China,2016,0.749,5.325,FALSE
CHN,China,2017,0.757,5.099,FALSE
CHN,China,2018,0.766,5.131,FALSE
CHN,China,2019,0.775,5.144,FALSE
CHN,China,2020,0.781,5.771,FALSE
CHN,China,2021,0.785,5.863,FALSE
CHN,China,2022,0.788,5.71,TRUE
CMR,Cameroon,2007,0.472,4.35,FALSE
CMR,Cameroon,2008,0.487,4.292,FALSE
CMR,Cameroon,2009,0.502,4.741,FALSE
CMR,Cameroon,2010,0.515,4.554,FALSE
CMR,Cameroon,2011,0.524,4.434,FALSE
CMR,Cameroon,2012,0.535,4.245,FALSE
CMR,Cameroon,2013,0.544,4.271,FALSE
CMR,Cameroon,2014,0.553,4.24,FALSE
CMR,Cameroon,2015,0.562,5.038,FALSE
CMR,Cameroon,2016,0.566,4.816,FALSE
CMR,Cameroon,2017,0.574,5.074,FALSE
CMR,Cameroon,2018,0.581,5.251,FALSE
CMR,Cameroon,2019,0.586,4.937,FALSE
CMR,Cameroon,2020,0.585,5.241,FALSE
CMR,Cameroon,2021,0.581,4.963,FALSE
CMR,Cameroon,2022,0.587,4.712,FALSE
COG,"Congo, Rep.",2007,0.553,4.741,TRUE
COG,"Congo, Rep.",2008,0.561,3.82,FALSE
COG,"Congo, Rep.",2009,0.574,4.792,TRUE
COG,"Congo, Rep.",2010,0.581,4.975,TRUE
COG,"Congo, Rep.",2011,0.584,4.51,FALSE
COG,"Congo, Rep.",2012,0.595,3.919,FALSE
COG,"Congo, Rep.",2013,0.6,3.955,FALSE
COG,"Congo, Rep.",2014,0.609,4.056,FALSE
COG,"Congo, Rep.",2015,0.61,4.691,FALSE
COG,"Congo, Rep.",2016,0.606,4.119,FALSE
COG,"Congo, Rep.",2017,0.6,4.884,FALSE
COG,"Congo, Rep.",2018,0.603,5.49,FALSE
COG,"Congo, Rep.",2019,0.596,5.213,FALSE
COG,"Congo, Rep.",2020,0.598,5.079,FALSE
COG,"Congo, Rep.",2021,0.598,4.921,FALSE
COG,"Congo, Rep.",2022,0.593,5.805,FALSE
COL,Colombia,2007,0.715,6.138,FALSE
COL,Colombia,2008,0.722,6.168,FALSE
COL,Colombia,2009,0.728,6.272,FALSE
COL,Colombia,2010,0.732,6.408,FALSE
COL,Colombia,2011,0.738,6.464,FALSE
COL,Colombia,2012,0.739,6.375,FALSE
COL,Colombia,2013,0.75,6.607,FALSE
COL,Colombia,2014,0.755,6.449,FALSE
COL,Colombia,2015,0.758,6.388,FALSE
COL,Colombia,2016,0.763,6.234,FALSE
COL,Colombia,2017,0.765,6.157,FALSE
COL,Colombia,2018,0.766,5.984,FALSE
COL,Colombia,2019,0.768,6.35,FALSE
COL,Colombia,2020,0.756,5.709,FALSE
COL,Colombia,2021,0.752,5.29,FALSE
COL,Colombia,2022,0.758,5.892,FALSE
CRI,Costa Rica,2007,0.754,7.432,FALSE
CRI,Costa Rica,2008,0.762,6.851,FALSE
CRI,Costa Rica,2009,0.765,7.615,FALSE
CRI,Costa Rica,2010,0.769,7.271,FALSE
CRI,Costa Rica,2011,0.778,7.229,FALSE
CRI,Costa Rica,2012,0.782,7.272,FALSE
CRI,Costa Rica,2013,0.787,7.158,FALSE
CRI,Costa Rica,2014,0.79,7.247,FALSE
CRI,Costa Rica,2015,0.792,6.854,FALSE
CRI,Costa Rica,2016,0.796,7.136,FALSE
CRI,Costa Rica,2017,0.8,7.225,FALSE
CRI,Costa Rica,2018,0.804,7.141,FALSE
CRI,Costa Rica,2019,0.811,6.998,FALSE
CRI,Costa Rica,2020,0.811,6.338,FALSE
CRI,Costa Rica,2021,0.804,6.408,FALSE
CRI,Costa Rica,2022,0.806,7.077,FALSE
CYP,Cyprus,2007,0.845,6.236,TRUE
CYP,Cyprus,2008,0.853,6.408,TRUE
CYP,Cyprus,2009,0.857,6.833,FALSE
CYP,Cyprus,2010,0.859,6.387,FALSE
CYP,Cyprus,2011,0.863,6.69,FALSE
CYP,Cyprus,2012,0.862,6.181,FALSE
CYP,Cyprus,2013,0.863,5.439,FALSE
CYP,Cyprus,2014,0.867,5.627,FALSE
CYP,Cyprus,2015,0.874,5.439,FALSE
CYP,Cyprus,2016,0.881,5.795,FALSE
CYP,Cyprus,2017,0.891,6.062,FALSE
CYP,Cyprus,2018,0.896,6.276,FALSE
CYP,Cyprus,2019,0.901,6.137,FALSE
CYP,Cyprus,2020,0.9,6.26,FALSE
CYP,Cyprus,2021,0.901,6.269,FALSE
CYP,Cyprus,2022,0.907,5.865,FALSE
CZE,Czechia,2007,0.862,6.5,FALSE
CZE,Czechia,2008,0.865,6.637,TRUE
CZE,Czechia,2009,0.866,6.609,TRUE
CZE,Czechia,2010,0.872,6.25,FALSE
CZE,Czechia,2011,0.876,6.331,FALSE
CZE,Czechia,2012,0.878,6.334,FALSE
CZE,Czechia,2013,0.884,6.698,FALSE
CZE,Czechia,2014,0.889,6.484,FALSE
CZE,Czechia,2015,0.891,6.608,FALSE
CZE,Czechia,2016,0.894,6.736,FALSE
CZE,Czechia,2017,0.896,6.79,FALSE
CZE,Czechia,2018,0.893,7.034,FALSE
CZE,Czechia,2019,0.896,6.872,TRUE
CZE,Czechia,2020,0.891,6.897,FALSE
CZE,Czechia,2021,0.891,6.942,FALSE
CZE,Czechia,2022,0.895,6.695,FALSE
DEU,Germany,2007,0.923,6.417,FALSE
DEU,Germany,2008,0.926,6.522,FALSE
DEU,Germany,2009,0.925,6.641,FALSE
DEU,Germany,2010,0.929,6.725,FALSE
DEU,Germany,2011,0.935,6.621,FALSE
DEU,Germany,2012,0.937,6.702,FALSE
DEU,Germany,2013,0.938,6.965,FALSE
DEU,Germany,2014,0.942,6.984,FALSE
DEU,Germany,2015,0.941,7.037,FALSE
DEU,Germany,2016,0.941,6.874,FALSE
DEU,Germany,2017,0.944,7.074,FALSE
DEU,Germany,2018,0.946,7.118,FALSE
DEU,Germany,2019,0.951,7.035,FALSE
DEU,Germany,2020,0.948,7.312,FALSE
DEU,Germany,2021,0.948,6.755,FALSE
DEU,Germany,2022,0.95,6.608,FALSE
DNK,Denmark,2007,0.912,7.834,FALSE
DNK,Denmark,2008,0.915,7.971,FALSE
DNK,Denmark,2009,0.909,7.683,FALSE
DNK,Denmark,2010,0.913,7.771,FALSE
DNK,Denmark,2011,0.927,7.788,FALSE
DNK,Denmark,2012,0.931,7.52,FALSE
DNK,Denmark,2013,0.933,7.589,FALSE
DNK,Denmark,2014,0.932,7.508,FALSE
DNK,Denmark,2015,0.936,7.514,FALSE
DNK,Denmark,2016,0.943,7.558,FALSE
DNK,Denmark,2017,0.944,7.594,FALSE
DNK,Denmark,2018,0.942,7.649,FALSE
DNK,Denmark,2019,0.946,7.693,FALSE
DNK,Denmark,2020,0.946,7.515,FALSE
DNK,Denmark,2021,0.947,7.699,FALSE
DNK,Denmark,2022,0.952,7.545,FALSE
DOM,Dominican Republic,2007,0.692,5.081,FALSE
DOM,Dominican Republic,2008,0.697,4.842,FALSE
DOM,Dominican Republic,2009,0.701,5.432,FALSE
DOM,Dominican Republic,2010,0.707,4.735,FALSE
DOM,Dominican Republic,2011,0.712,5.397,FALSE
DOM,Dominican Republic,2012,0.718,4.753,FALSE
DOM,Dominican Republic,2013,0.722,5.016,FALSE
DOM,Dominican Republic,2014,0.728,5.387,FALSE
DOM,Dominican Republic,2015,0.739,5.062,FALSE
DOM,Dominican Republic,2016,0.759,5.239,FALSE
DOM,Dominican Republic,2017,0.761,5.605,FALSE
DOM,Dominican Republic,2018,0.763,5.433,FALSE
DOM,Dominican Republic,2019,0.765,6.004,FALSE
DOM,Dominican Republic,2020,0.76,5.168,FALSE
DOM,Dominican Republic,2021,0.756,6.031,FALSE
DOM,Dominican Republic,2022,0.766,5.518,FALSE
ECU,Ecuador,2007,0.722,4.996,FALSE
ECU,Ecuador,2008,0.728,5.297,FALSE
ECU,Ecuador,2009,0.73,6.022,FALSE
ECU,Ecuador,2010,0.736,5.838,FALSE
ECU,Ecuador,2011,0.743,5.795,FALSE
ECU,Ecuador,2012,0.75,5.961,FALSE
ECU,Ecuador,2013,0.755,6.019,FALSE
ECU,Ecuador,2014,0.759,5.946,FALSE
ECU,Ecuador,2015,0.764,5.964,FALSE
ECU,Ecuador,2016,0.761,6.115,FALSE
ECU,Ecuador,2017,0.762,5.84,FALSE
ECU,Ecuador,2018,0.761,6.128,FALSE
ECU,Ecuador,2019,0.758,5.809,FALSE
ECU,Ecuador,2020,0.734,5.354,FALSE
ECU,Ecuador,2021,0.746,5.435,FALSE
ECU,Ecuador,2022,0.765,5.887,FALSE
EGY,"Egypt, Arab Rep.",2007,0.649,5.541,FALSE
EGY,"Egypt, Arab Rep.",2008,0.656,4.632,FALSE
EGY,"Egypt, Arab Rep.",2009,0.661,5.066,FALSE
EGY,"Egypt, Arab Rep.",2010,0.667,4.669,FALSE
EGY,"Egypt, Arab Rep.",2011,0.671,4.174,FALSE
EGY,"Egypt, Arab Rep.",2012,0.679,4.204,FALSE
EGY,"Egypt, Arab Rep.",2013,0.684,3.559,FALSE
EGY,"Egypt, Arab Rep.",2014,0.688,4.885,FALSE
EGY,"Egypt, Arab Rep.",2015,0.695,4.763,FALSE
EGY,"Egypt, Arab Rep.",2016,0.702,4.557,FALSE
EGY,"Egypt, Arab Rep.",2017,0.709,3.929,FALSE
EGY,"Egypt, Arab Rep.",2018,0.717,4.005,FALSE
EGY,"Egypt, Arab Rep.",2019,0.724,4.328,FALSE
EGY,"Egypt, Arab Rep.",2020,0.729,4.472,FALSE
EGY,"Egypt, Arab Rep.",2021,0.726,4.026,FALSE
EGY,"Egypt, Arab Rep.",2022,0.728,4.024,FALSE
ESP,Spain,2007,0.857,6.995,FALSE
ESP,Spain,2008,0.858,7.294,FALSE
ESP,Spain,2009,0.86,6.199,FALSE
ESP,Spain,2010,0.868,6.188,FALSE
ESP,Spain,2011,0.873,6.518,FALSE
ESP,Spain,2012,0.875,6.291,FALSE
ESP,Spain,2013,0.88,6.15,FALSE
ESP,Spain,2014,0.884,6.456,FALSE
ESP,Spain,2015,0.889,6.381,FALSE
ESP,Spain,2016,0.894,6.319,FALSE
ESP,Spain,2017,0.896,6.23,FALSE
ESP,Spain,2018,0.899,6.513,FALSE
ESP,Spain,2019,0.904,6.457,FALSE
ESP,Spain,2020,0.894,6.502,FALSE
ESP,Spain,2021,0.904,6.47,FALSE
ESP,Spain,2022,0.911,6.337,FALSE
EST,Estonia,2007,0.859,5.332,FALSE
EST,Estonia,2008,0.861,5.452,FALSE
EST,Estonia,2009,0.859,5.138,FALSE
EST,Estonia,2010,0.864,5.515,TRUE
EST,Estonia,2011,0.873,5.487,FALSE
EST,Estonia,2012,0.876,5.364,FALSE
EST,Estonia,2013,0.881,5.367,FALSE
EST,Estonia,2014,0.879,5.556,FALSE
EST,Estonia,2015,0.883,5.629,FALSE
EST,Estonia,2016,0.884,5.65,FALSE
EST,Estonia,2017,0.886,5.938,FALSE
EST,Estonia,2018,0.89,6.091,FALSE
EST,Estonia,2019,0.893,6.035,FALSE
EST,Estonia,2020,0.891,6.453,FALSE
EST,Estonia,2021,0.89,6.554,FALSE
EST,Estonia,2022,0.899,6.357,FALSE
FIN,Finland,2007,0.911,7.581,TRUE
FIN,Finland,2008,0.913,7.671,FALSE
FIN,Finland,2009,0.908,7.554,TRUE
FIN,Finland,2010,0.912,7.393,FALSE
FIN,Finland,2011,0.916,7.354,FALSE
FIN,Finland,2012,0.916,7.42,FALSE
FIN,Finland,2013,0.926,7.445,FALSE
FIN,Finland,2014,0.928,7.385,FALSE
FIN,Finland,2015,0.93,7.448,FALSE
FIN,Finland,2016,0.931,7.66,FALSE
FIN,Finland,2017,0.934,7.788,FALSE
FIN,Finland,2018,0.936,7.858,FALSE
FIN,Finland,2019,0.939,7.78,FALSE
FIN,Finland,2020,0.939,7.889,FALSE
FIN,Finland,2021,0.941,7.794,FALSE
FIN,Finland,2022,0.942,7.729,FALSE
FRA,France,2007,0.876,6.797,TRUE
FRA,France,2008,0.877,7.008,FALSE
FRA,France,2009,0.875,6.283,FALSE
FRA,France,2010,0.88,6.798,FALSE
FRA,France,2011,0.884,6.959,FALSE
FRA,France,2012,0.885,6.649,FALSE
FRA,France,2013,0.888,6.667,FALSE
FRA,France,2014,0.892,6.467,FALSE
FRA,France,2015,0.893,6.358,FALSE
FRA,France,2016,0.896,6.475,FALSE
FRA,France,2017,0.899,6.635,FALSE
FRA,France,2018,0.903,6.666,FALSE
FRA,France,2019,0.905,6.69,FALSE
FRA,France,2020,0.9,6.714,FALSE
FRA,France,2021,0.906,6.656,FALSE
FRA,France,2022,0.91,6.614,FALSE
GAB,Gabon,2007,0.646,4.768,TRUE
GAB,Gabon,2008,0.647,4.507,TRUE
GAB,Gabon,2009,0.652,4.734,TRUE
GAB,Gabon,2010,0.656,4.569,TRUE
GAB,Gabon,2011,0.661,4.255,FALSE
GAB,Gabon,2012,0.671,3.972,FALSE
GAB,Gabon,2013,0.678,3.8,FALSE
GAB,Gabon,2014,0.687,3.918,FALSE
GAB,Gabon,2015,0.692,4.661,FALSE
GAB,Gabon,2016,0.696,4.832,FALSE
GAB,Gabon,2017,0.699,4.782,FALSE
GAB,Gabon,2018,0.699,4.783,FALSE
GAB,Gabon,2019,0.702,4.914,FALSE
GAB,Gabon,2020,0.704,4.887,FALSE
GAB,Gabon,2021,0.687,5.075,FALSE
GAB,Gabon,2022,0.693,5.14,FALSE
GBR,United Kingdom,2007,0.897,6.802,FALSE
GBR,United Kingdom,2008,0.902,6.986,FALSE
GBR,United Kingdom,2009,0.907,6.907,FALSE
GBR,United Kingdom,2010,0.913,7.029,FALSE
GBR,United Kingdom,2011,0.909,6.869,FALSE
GBR,United Kingdom,2012,0.91,6.881,FALSE
GBR,United Kingdom,2013,0.923,6.918,FALSE
GBR,United Kingdom,2014,0.924,6.758,FALSE
GBR,United Kingdom,2015,0.923,6.515,FALSE
GBR,United Kingdom,2016,0.926,6.824,FALSE
GBR,United Kingdom,2017,0.929,7.103,FALSE
GBR,United Kingdom,2018,0.928,7.233,FALSE
GBR,United Kingdom,2019,0.933,7.157,FALSE
GBR,United Kingdom,2020,0.92,6.798,FALSE
GBR,United Kingdom,2021,0.931,6.867,FALSE
GBR,United Kingdom,2022,0.94,6.722,FALSE
GEO,Georgia,2007,0.755,3.707,FALSE
GEO,Georgia,2008,0.751,4.156,FALSE
GEO,Georgia,2009,0.756,3.801,FALSE
GEO,Georgia,2010,0.763,4.102,FALSE
GEO,Georgia,2011,0.771,4.203,FALSE
GEO,Georgia,2012,0.779,4.254,FALSE
GEO,Georgia,2013,0.784,4.349,FALSE
GEO,Georgia,2014,0.793,4.288,FALSE
GEO,Georgia,2015,0.798,4.122,FALSE
GEO,Georgia,2016,0.802,4.448,FALSE
GEO,Georgia,2017,0.807,4.451,FALSE
GEO,Georgia,2018,0.816,4.659,FALSE
GEO,Georgia,2019,0.816,4.892,FALSE
GEO,Georgia,2020,0.807,5.123,FALSE
GEO,Georgia,2021,0.809,4.911,FALSE
GEO,Georgia,2022,0.814,5.293,FALSE
GHA,Ghana,2007,0.547,5.22,FALSE
GHA,Ghana,2008,0.558,4.965,FALSE
GHA,Ghana,2009,0.563,4.198,FALSE
GHA,Ghana,2010,0.571,4.606,FALSE
GHA,Ghana,2011,0.579,5.608,FALSE
GHA,Ghana,2012,0.583,5.057,FALSE
GHA,Ghana,2013,0.587,4.965,FALSE
GHA,Ghana,2014,0.582,3.86,FALSE
GHA,Ghana,2015,0.586,3.986,FALSE
GHA,Ghana,2016,0.586,4.514,FALSE
GHA,Ghana,2017,0.585,5.481,FALSE
GHA,Ghana,2018,0.589,5.004,FALSE
GHA,Ghana,2019,0.599,4.967,FALSE
GHA,Ghana,2020,0.601,5.319,FALSE
GHA,Ghana,2021,0.6,4.378,FALSE
GHA,Ghana,2022,0.602,4.191,FALSE
GIN,Guinea,2007,0.402,4.339,TRUE
GIN,Guinea,2008,0.408,4.608,TRUE
GIN,Guinea,2009,0.41,4.2,TRUE
GIN,Guinea,2010,0.415,4.359,TRUE
GIN,Guinea,2011,0.421,4.045,FALSE
GIN,Guinea,2012,0.425,3.652,FALSE
GIN,Guinea,2013,0.43,3.902,FALSE
GIN,Guinea,2014,0.436,3.412,FALSE
GIN,Guinea,2015,0.449,3.505,FALSE
GIN,Guinea,2016,0.466,3.603,FALSE
GIN,Guinea,2017,0.467,4.874,FALSE
GIN,Guinea,2018,0.464,5.252,FALSE
GIN,Guinea,2019,0.47,4.768,FALSE
GIN,Guinea,2020,0.471,4.972,FALSE
GIN,Guinea,2021,0.467,4.945,FALSE
GIN,Guinea,2022,0.471,5.317,FALSE
GRC,Greece,2007,0.866,6.647,FALSE
GRC,Greece,2008,0.871,5.828,TRUE
GRC,Greece,2009,0.873,6.039,FALSE
GRC,Greece,2010,0.874,5.84,FALSE
GRC,Greece,2011,0.871,5.372,FALSE
GRC,Greece,2012,0.87,5.096,FALSE
GRC,Greece,2013,0.874,4.72,FALSE
GRC,Greece,2014,0.879,4.756,FALSE
GRC,Greece,2015,0.881,5.623,FALSE
GRC,Greece,2016,0.877,5.303,FALSE
GRC,Greece,2017,0.88,5.148,FALSE
GRC,Greece,2018,0.886,5.409,FALSE
GRC,Greece,2019,0.89,5.952,FALSE
GRC,Greece,2020,0.887,5.788,FALSE
GRC,Greece,2021,0.887,6.104,FALSE
GRC,Greece,2022,0.893,5.9,FALSE
GTM,Guatemala,2007,0.59,6.33,FALSE
GTM,Guatemala,2008,0.599,6.414,FALSE
GTM,Guatemala,2009,0.606,6.452,FALSE
GTM,Guatemala,2010,0.613,6.29,FALSE
GTM,Guatemala,2011,0.617,5.743,FALSE
GTM,Guatemala,2012,0.62,5.856,FALSE
GTM,Guatemala,2013,0.623,5.985,FALSE
GTM,Guatemala,2014,0.64,6.536,FALSE
GTM,Guatemala,2015,0.629,6.465,FALSE
GTM,Guatemala,2016,0.633,6.359,FALSE
GTM,Guatemala,2017,0.636,6.325,FALSE
GTM,Guatemala,2018,0.64,6.627,FALSE
GTM,Guatemala,2019,0.645,6.262,FALSE
GTM,Guatemala,2020,0.638,6.519,TRUE
GTM,Guatemala,2021,0.63,6.445,TRUE
GTM,Guatemala,2022,0.629,6.15,FALSE
HKG,"Hong Kong SAR, China",2007,0.892,5.337,TRUE
HKG,"Hong Kong SAR, China",2008,0.908,5.137,FALSE
HKG,"Hong Kong SAR, China",2009,0.91,5.397,FALSE
HKG,"Hong Kong SAR, China",2010,0.914,5.643,FALSE
HKG,"Hong Kong SAR, China",2011,0.921,5.474,FALSE
HKG,"Hong Kong SAR, China",2012,0.925,5.484,FALSE
HKG,"Hong Kong SAR, China",2013,0.928,5.394,TRUE
HKG,"Hong Kong SAR, China",2014,0.932,5.458,FALSE
HKG,"Hong Kong SAR, China",2015,0.936,5.431,TRUE
HKG,"Hong Kong SAR, China",2016,0.939,5.498,FALSE
HKG,"Hong Kong SAR, China",2017,0.946,5.362,FALSE
HKG,"Hong Kong SAR, China",2018,0.949,5.583,TRUE
HKG,"Hong Kong SAR, China",2019,0.953,5.659,FALSE
HKG,"Hong Kong SAR, China",2020,0.955,5.295,FALSE
HKG,"Hong Kong SAR, China",2021,0.959,5.322,FALSE
HKG,"Hong Kong SAR, China",2022,0.956,5.311,FALSE
HND,Honduras,2007,0.584,5.097,FALSE
HND,Honduras,2008,0.589,5.42,FALSE
HND,Honduras,2009,0.592,6.033,FALSE
HND,Honduras,2010,0.596,5.866,FALSE
HND,Honduras,2011,0.598,4.961,FALSE
HND,Honduras,2012,0.596,4.602,FALSE
HND,Honduras,2013,0.602,4.713,FALSE
HND,Honduras,2014,0.603,5.056,FALSE
HND,Honduras,2015,0.61,4.845,FALSE
HND,Honduras,2016,0.615,5.648,FALSE
HND,Honduras,2017,0.614,6.02,FALSE
HND,Honduras,2018,0.614,5.908,FALSE
HND,Honduras,2019,0.629,5.93,FALSE
HND,Honduras,2020,0.621,5.354,TRUE
HND,Honduras,2021,0.62,6.114,FALSE
HND,Honduras,2022,0.624,5.932,FALSE
HRV,Croatia,2007,0.818,5.821,FALSE
HRV,Croatia,2008,0.821,5.8,TRUE
HRV,Croatia,2009,0.819,5.433,FALSE
HRV,Croatia,2010,0.824,5.596,FALSE
HRV,Croatia,2011,0.829,5.385,FALSE
HRV,Croatia,2012,0.832,6.028,FALSE
HRV,Croatia,2013,0.839,5.885,FALSE
HRV,Croatia,2014,0.842,5.381,FALSE
HRV,Croatia,2015,0.844,5.205,FALSE
HRV,Croatia,2016,0.85,5.417,FALSE
HRV,Croatia,2017,0.855,5.343,FALSE
HRV,Croatia,2018,0.86,5.536,FALSE
HRV,Croatia,2019,0.866,5.626,FALSE
HRV,Croatia,2020,0.86,6.508,FALSE
HRV,Croatia,2021,0.867,6.287,FALSE
HRV,Croatia,2022,0.878,5.579,FALSE
HUN,Hungary,2007,0.818,4.954,FALSE
HUN,Hungary,2008,0.824,5.178,TRUE
HUN,Hungary,2009,0.826,4.895,FALSE
HUN,Hungary,2010,0.829,4.725,FALSE
HUN,Hungary,2011,0.833,4.918,FALSE
HUN,Hungary,2012,0.833,4.683,FALSE
HUN,Hungary,2013,0.843,4.914,FALSE
HUN,Hungary,2014,0.84,5.181,FALSE
HUN,Hungary,2015,0.839,5.344,FALSE
HUN,Hungary,2016,0.843,5.449,FALSE
HUN,Hungary,2017,0.846,6.065,FALSE
HUN,Hungary,2018,0.85,5.936,FALSE
HUN,Hungary,2019,0.854,6,FALSE
HUN,Hungary,2020,0.849,6.038,FALSE
HUN,Hungary,2021,0.846,6.227,FALSE
HUN,Hungary,2022,0.851,5.861,FALSE
IDN,Indonesia,2007,0.646,5.101,FALSE
IDN,Indonesia,2008,0.649,4.815,FALSE
IDN,Indonesia,2009,0.66,5.472,FALSE
IDN,Indonesia,2010,0.667,5.457,FALSE
IDN,Indonesia,2011,0.674,5.173,FALSE
IDN,Indonesia,2012,0.682,5.368,FALSE
IDN,Indonesia,2013,0.687,5.292,FALSE
IDN,Indonesia,2014,0.69,5.597,FALSE
IDN,Indonesia,2015,0.698,5.043,FALSE
IDN,Indonesia,2016,0.701,5.136,FALSE
IDN,Indonesia,2017,0.708,5.098,FALSE
IDN,Indonesia,2018,0.712,5.34,FALSE
IDN,Indonesia,2019,0.718,5.347,FALSE
IDN,Indonesia,2020,0.712,4.828,FALSE
IDN,Indonesia,2021,0.707,5.433,FALSE
IDN,Indonesia,2022,0.713,5.585,FALSE
IND,India,2007,0.55,5.027,FALSE
IND,India,2008,0.557,5.146,FALSE
IND,India,2009,0.562,4.522,FALSE
IND,India,2010,0.572,4.989,FALSE
IND,India,2011,0.586,4.635,FALSE
IND,India,2012,0.594,4.72,FALSE
IND,India,2013,0.6,4.428,FALSE
IND,India,2014,0.611,4.424,FALSE
IND,India,2015,0.619,4.342,FALSE
IND,India,2016,0.63,4.179,FALSE
IND,India,2017,0.636,4.046,FALSE
IND,India,2018,0.636,3.818,FALSE
IND,India,2019,0.638,3.249,FALSE
IND,India,2020,0.638,4.224,FALSE
IND,India,2021,0.633,3.558,FALSE
IND,India,2022,0.644,3.93,FALSE
IRL,Ireland,2007,0.904,7.032,TRUE
IRL,Ireland,2008,0.905,7.568,FALSE
IRL,Ireland,2009,0.9,7.046,FALSE
IRL,Ireland,2010,0.908,7.257,FALSE
IRL,Ireland,2011,0.906,7.007,FALSE
IRL,Ireland,2012,0.907,6.965,FALSE
IRL,Ireland,2013,0.911,6.76,FALSE
IRL,Ireland,2014,0.918,7.018,FALSE
IRL,Ireland,2015,0.924,6.83,FALSE
IRL,Ireland,2016,0.929,7.041,FALSE
IRL,Ireland,2017,0.934,7.06,FALSE
IRL,Ireland,2018,0.938,6.962,FALSE
IRL,Ireland,2019,0.942,7.255,FALSE
IRL,Ireland,2020,0.945,7.035,FALSE
IRL,Ireland,2021,0.946,6.828,FALSE
IRL,Ireland,2022,0.95,6.87,FALSE
IRN,"Iran, Islamic Rep.",2007,0.742,5.336,FALSE
IRN,"Iran, Islamic Rep.",2008,0.744,5.129,FALSE
IRN,"Iran, Islamic Rep.",2009,0.748,4.888,TRUE
IRN,"Iran, Islamic Rep.",2010,0.756,5.074,TRUE
IRN,"Iran, Islamic Rep.",2011,0.765,4.768,FALSE
IRN,"Iran, Islamic Rep.",2012,0.78,4.609,FALSE
IRN,"Iran, Islamic Rep.",2013,0.78,5.14,FALSE
IRN,"Iran, Islamic Rep.",2014,0.783,4.682,FALSE
IRN,"Iran, Islamic Rep.",2015,0.782,4.75,FALSE
IRN,"Iran, Islamic Rep.",2016,0.785,4.653,FALSE
IRN,"Iran, Islamic Rep.",2017,0.788,4.717,FALSE
IRN,"Iran, Islamic Rep.",2018,0.787,4.278,FALSE
IRN,"Iran, Islamic Rep.",2019,0.785,5.006,FALSE
IRN,"Iran, Islamic Rep.",2020,0.779,4.865,FALSE
IRN,"Iran, Islamic Rep.",2021,0.776,4.788,FALSE
IRN,"Iran, Islamic Rep.",2022,0.78,4.977,FALSE
IRQ,Iraq,2007,0.596,4.649,TRUE
IRQ,Iraq,2008,0.612,4.59,FALSE
IRQ,Iraq,2009,0.622,4.775,FALSE
IRQ,Iraq,2010,0.629,5.065,FALSE
IRQ,Iraq,2011,0.637,4.725,FALSE
IRQ,Iraq,2012,0.644,4.66,FALSE
IRQ,Iraq,2013,0.648,4.725,FALSE
IRQ,Iraq,2014,0.651,4.542,FALSE
IRQ,Iraq,2015,0.656,4.493,FALSE
IRQ,Iraq,2016,0.661,4.413,FALSE
IRQ,Iraq,2017,0.667,4.462,FALSE
IRQ,Iraq,2018,0.673,4.886,FALSE
IRQ,Iraq,2019,0.678,4.756,TRUE
IRQ,Iraq,2020,0.661,4.785,FALSE
IRQ,Iraq,2021,0.667,5.094,FALSE
IRQ,Iraq,2022,0.673,4.928,FALSE
ISR,Israel,2007,0.876,6.841,FALSE
ISR,Israel,2008,0.877,7.261,FALSE
ISR,Israel,2009,0.881,7.353,FALSE
ISR,Israel,2010,0.887,7.359,FALSE
ISR,Israel,2011,0.89,7.433,FALSE
ISR,Israel,2012,0.891,7.111,FALSE
ISR,Israel,2013,0.896,7.321,FALSE
ISR,Israel,2014,0.899,7.401,FALSE
ISR,Israel,2015,0.899,7.079,FALSE
ISR,Israel,2016,0.902,7.159,FALSE
ISR,Israel,2017,0.906,7.331,FALSE
ISR,Israel,2018,0.908,6.927,FALSE
ISR,Israel,2019,0.909,7.332,FALSE
ISR,Israel,2020,0.906,7.195,FALSE
ISR,Israel,2021,0.911,7.578,FALSE
ISR,Israel,2022,0.915,7.662,FALSE
ITA,Italy,2007,0.878,6.574,FALSE
ITA,Italy,2008,0.878,6.78,FALSE
ITA,Italy,2009,0.877,6.334,FALSE
ITA,Italy,2010,0.88,6.354,FALSE
ITA,Italy,2011,0.883,6.057,FALSE
ITA,Italy,2012,0.881,5.839,FALSE
ITA,Italy,2013,0.88,6.009,FALSE
ITA,Italy,2014,0.882,6.027,FALSE
ITA,Italy,2015,0.881,5.848,FALSE
ITA,Italy,2016,0.886,5.955,FALSE
ITA,Italy,2017,0.889,6.199,FALSE
ITA,Italy,2018,0.894,6.517,FALSE
ITA,Italy,2019,0.899,6.445,FALSE
ITA,Italy,2020,0.892,6.488,FALSE
ITA,Italy,2021,0.899,6.467,FALSE
ITA,Italy,2022,0.906,6.258,FALSE
JOR,Jordan,2007,0.716,5.598,FALSE
JOR,Jordan,2008,0.726,4.93,FALSE
JOR,Jordan,2009,0.728,6,FALSE
JOR,Jordan,2010,0.727,5.57,FALSE
JOR,Jordan,2011,0.73,5.539,FALSE
JOR,Jordan,2012,0.736,5.132,FALSE
JOR,Jordan,2013,0.738,5.172,FALSE
JOR,Jordan,2014,0.737,5.333,FALSE
JOR,Jordan,2015,0.738,5.405,FALSE
JOR,Jordan,2016,0.74,5.271,FALSE
JOR,Jordan,2017,0.744,4.808,FALSE
JOR,Jordan,2018,0.742,4.639,FALSE
JOR,Jordan,2019,0.744,4.453,FALSE
JOR,Jordan,2020,0.74,4.094,FALSE
JOR,Jordan,2021,0.736,3.909,FALSE
JOR,Jordan,2022,0.736,4.356,FALSE
JPN,Japan,2007,0.9,6.238,FALSE
JPN,Japan,2008,0.901,5.911,FALSE
JPN,Japan,2009,0.9,5.845,FALSE
JPN,Japan,2010,0.903,6.057,FALSE
JPN,Japan,2011,0.902,6.263,FALSE
JPN,Japan,2012,0.906,5.968,FALSE
JPN,Japan,2013,0.909,5.959,FALSE
JPN,Japan,2014,0.91,5.923,FALSE
JPN,Japan,2015,0.913,5.88,FALSE
JPN,Japan,2016,0.914,5.955,FALSE
JPN,Japan,2017,0.916,5.911,FALSE
JPN,Japan,2018,0.917,5.794,FALSE
JPN,Japan,2019,0.918,5.908,FALSE
JPN,Japan,2020,0.917,6.118,FALSE
JPN,Japan,2021,0.92,6.091,FALSE
JPN,Japan,2022,0.92,6.178,FALSE
KAZ,Kazakhstan,2007,0.757,5.719,FALSE
KAZ,Kazakhstan,2008,0.757,5.886,FALSE
KAZ,Kazakhstan,2009,0.76,5.383,FALSE
KAZ,Kazakhstan,2010,0.766,5.514,FALSE
KAZ,Kazakhstan,2011,0.774,5.736,FALSE
KAZ,Kazakhstan,2012,0.781,5.759,FALSE
KAZ,Kazakhstan,2013,0.789,5.835,FALSE
KAZ,Kazakhstan,2014,0.794,5.97,FALSE
KAZ,Kazakhstan,2015,0.799,5.95,FALSE
KAZ,Kazakhstan,2016,0.797,5.534,FALSE
KAZ,Kazakhstan,2017,0.802,5.882,FALSE
KAZ,Kazakhstan,2018,0.804,6.008,FALSE
KAZ,Kazakhstan,2019,0.81,6.272,FALSE
KAZ,Kazakhstan,2020,0.806,6.168,FALSE
KAZ,Kazakhstan,2021,0.801,6.26,FALSE
KAZ,Kazakhstan,2022,0.802,6.006,FALSE
KEN,Kenya,2007,0.54,4.576,FALSE
KEN,Kenya,2008,0.546,4.015,FALSE
KEN,Kenya,2009,0.546,4.27,FALSE
KEN,Kenya,2010,0.545,4.256,FALSE
KEN,Kenya,2011,0.552,4.405,FALSE
KEN,Kenya,2012,0.557,4.547,FALSE
KEN,Kenya,2013,0.562,3.795,FALSE
KEN,Kenya,2014,0.569,4.905,FALSE
KEN,Kenya,2015,0.575,4.358,FALSE
KEN,Kenya,2016,0.586,4.396,FALSE
KEN,Kenya,2017,0.591,4.476,FALSE
KEN,Kenya,2018,0.598,4.656,FALSE
KEN,Kenya,2019,0.604,4.619,FALSE
KEN,Kenya,2020,0.599,4.547,FALSE
KEN,Kenya,2021,0.596,4.465,FALSE
KEN,Kenya,2022,0.601,4.448,FALSE
KGZ,Kyrgyz Republic,2007,0.652,4.698,FALSE
KGZ,Kyrgyz Republic,2008,0.657,4.737,FALSE
KGZ,Kyrgyz Republic,2009,0.661,5.069,FALSE
KGZ,Kyrgyz Republic,2010,0.661,4.996,FALSE
KGZ,Kyrgyz Republic,2011,0.664,4.921,FALSE
KGZ,Kyrgyz Republic,2012,0.673,5.208,FALSE
KGZ,Kyrgyz Republic,2013,0.68,5.402,FALSE
KGZ,Kyrgyz Republic,2014,0.686,5.252,FALSE
KGZ,Kyrgyz Republic,2015,0.689,4.905,FALSE
KGZ,Kyrgyz Republic,2016,0.692,4.857,FALSE
KGZ,Kyrgyz Republic,2017,0.695,5.63,FALSE
KGZ,Kyrgyz Republic,2018,0.698,5.297,FALSE
KGZ,Kyrgyz Republic,2019,0.699,5.685,FALSE
KGZ,Kyrgyz Republic,2020,0.691,6.25,FALSE
KGZ,Kyrgyz Republic,2021,0.696,5.564,FALSE
KGZ,Kyrgyz Republic,2022,0.701,5.668,FALSE
KHM,Cambodia,2007,0.531,4.156,FALSE
KHM,Cambodia,2008,0.536,4.462,FALSE
KHM,Cambodia,2009,0.538,4.111,FALSE
KHM,Cambodia,2010,0.542,4.141,FALSE
KHM,Cambodia,2011,0.546,4.161,FALSE
KHM,Cambodia,2012,0.551,3.899,FALSE
KHM,Cambodia,2013,0.554,3.674,FALSE
KHM,Cambodia,2014,0.559,3.883,FALSE
KHM,Cambodia,2015,0.564,4.162,FALSE
KHM,Cambodia,2016,0.573,4.461,FALSE
KHM,Cambodia,2017,0.581,4.586,FALSE
KHM,Cambodia,2018,0.588,5.122,FALSE
KHM,Cambodia,2019,0.596,4.998,FALSE
KHM,Cambodia,2020,0.596,4.377,FALSE
KHM,Cambodia,2021,0.596,4.555,FALSE
KHM,Cambodia,2022,0.6,4.25,FALSE
KOR,"Korea, Rep.",2007,0.871,5.767,FALSE
KOR,"Korea, Rep.",2008,0.874,5.39,FALSE
KOR,"Korea, Rep.",2009,0.876,5.648,FALSE
KOR,"Korea, Rep.",2010,0.89,6.116,FALSE
KOR,"Korea, Rep.",2011,0.895,6.947,FALSE
KOR,"Korea, Rep.",2012,0.897,6.003,FALSE
KOR,"Korea, Rep.",2013,0.902,5.959,FALSE
KOR,"Korea, Rep.",2014,0.906,5.801,FALSE
KOR,"Korea, Rep.",2015,0.908,5.78,FALSE
KOR,"Korea, Rep.",2016,0.912,5.971,FALSE
KOR,"Korea, Rep.",2017,0.915,5.874,FALSE
KOR,"Korea, Rep.",2018,0.918,5.84,FALSE
KOR,"Korea, Rep.",2019,0.922,5.903,FALSE
KOR,"Korea, Rep.",2020,0.922,5.793,FALSE
KOR,"Korea, Rep.",2021,0.926,6.113,FALSE
KOR,"Korea, Rep.",2022,0.929,5.95,FALSE
LBN,Lebanon,2007,0.724,4.725,TRUE
LBN,Lebanon,2008,0.733,4.595,FALSE
LBN,Lebanon,2009,0.741,5.206,FALSE
LBN,Lebanon,2010,0.749,5.032,FALSE
LBN,Lebanon,2011,0.755,5.188,FALSE
LBN,Lebanon,2012,0.757,4.573,FALSE
LBN,Lebanon,2013,0.756,4.983,FALSE
LBN,Lebanon,2014,0.755,5.233,FALSE
LBN,Lebanon,2015,0.756,5.172,FALSE
LBN,Lebanon,2016,0.76,5.271,FALSE
LBN,Lebanon,2017,0.765,5.154,FALSE
LBN,Lebanon,2018,0.764,5.167,FALSE
LBN,Lebanon,2019,0.76,4.024,FALSE
LBN,Lebanon,2020,0.742,2.634,FALSE
LBN,Lebanon,2021,0.725,2.179,FALSE
LBN,Lebanon,2022,0.723,2.352,FALSE
LKA,Sri Lanka,2007,0.718,4.415,FALSE
LKA,Sri Lanka,2008,0.719,4.431,FALSE
LKA,Sri Lanka,2009,0.711,4.212,FALSE
LKA,Sri Lanka,2010,0.735,3.977,FALSE
LKA,Sri Lanka,2011,0.741,4.181,FALSE
LKA,Sri Lanka,2012,0.747,4.225,FALSE
LKA,Sri Lanka,2013,0.752,4.365,FALSE
LKA,Sri Lanka,2014,0.757,4.268,FALSE
LKA,Sri Lanka,2015,0.76,4.612,FALSE
LKA,Sri Lanka,2016,0.765,4.746,TRUE
LKA,Sri Lanka,2017,0.77,4.331,FALSE
LKA,Sri Lanka,2018,0.774,4.435,FALSE
LKA,Sri Lanka,2019,0.775,4.213,FALSE
LKA,Sri Lanka,2020,0.777,4.778,FALSE
LKA,Sri Lanka,2021,0.783,4.103,FALSE
LKA,Sri Lanka,2022,0.78,3.985,FALSE
LTU,Lithuania,2007,0.835,5.808,FALSE
LTU,Lithuania,2008,0.843,5.554,FALSE
LTU,Lithuania,2009,0.843,5.467,FALSE
LTU,Lithuania,2010,0.846,5.066,FALSE
LTU,Lithuania,2011,0.853,5.432,FALSE
LTU,Lithuania,2012,0.855,5.771,FALSE
LTU,Lithuania,2013,0.858,5.596,FALSE
LTU,Lithuania,2014,0.864,6.126,FALSE
LTU,Lithuania,2015,0.865,5.711,FALSE
LTU,Lithuania,2016,0.87,5.866,FALSE
LTU,Lithuania,2017,0.878,6.273,FALSE
LTU,Lithuania,2018,0.882,6.309,FALSE
LTU,Lithuania,2019,0.886,6.064,FALSE
LTU,Lithuania,2020,0.88,6.391,FALSE
LTU,Lithuania,2021,0.875,6.865,FALSE
LTU,Lithuania,2022,0.879,7.038,FALSE
LUX,Luxembourg,2007,0.885,7.667,TRUE
LUX,Luxembourg,2008,0.898,7.589,TRUE
LUX,Luxembourg,2009,0.908,6.958,FALSE
LUX,Luxembourg,2010,0.912,7.097,FALSE
LUX,Luxembourg,2011,0.913,7.101,FALSE
LUX,Luxembourg,2012,0.917,6.964,FALSE
LUX,Luxembourg,2013,0.922,7.131,FALSE
LUX,Luxembourg,2014,0.927,6.891,FALSE
LUX,Luxembourg,2015,0.914,6.702,FALSE
LUX,Luxembourg,2016,0.922,6.967,FALSE
LUX,Luxembourg,2017,0.918,7.061,FALSE
LUX,Luxembourg,2018,0.921,7.243,FALSE
LUX,Luxembourg,2019,0.925,7.404,FALSE
LUX,Luxembourg,2020,0.921,7.015,TRUE
LUX,Luxembourg,2021,0.927,6.998,TRUE
LUX,Luxembourg,2022,0.927,7.228,FALSE
LVA,Latvia,2007,0.825,4.667,FALSE
LVA,Latvia,2008,0.832,5.145,FALSE
LVA,Latvia,2009,0.831,4.669,FALSE
LVA,Latvia,2010,0.827,5.433,TRUE
LVA,Latvia,2011,0.833,4.967,FALSE
LVA,Latvia,2012,0.837,5.125,FALSE
LVA,Latvia,2013,0.846,5.07,FALSE
LVA,Latvia,2014,0.85,5.729,FALSE
LVA,Latvia,2015,0.853,5.881,FALSE
LVA,Latvia,2016,0.858,5.94,FALSE
LVA,Latvia,2017,0.863,5.978,FALSE
LVA,Latvia,2018,0.868,5.901,FALSE
LVA,Latvia,2019,0.873,5.97,FALSE
LVA,Latvia,2020,0.873,6.229,FALSE
LVA,Latvia,2021,0.865,6.353,FALSE
LVA,Latvia,2022,0.879,6.055,FALSE
MAR,Morocco,2007,0.583,4.919,TRUE
MAR,Morocco,2008,0.59,5.073,TRUE
MAR,Morocco,2009,0.596,5.134,TRUE
MAR,Morocco,2010,0.604,4.383,FALSE
MAR,Morocco,2011,0.616,5.085,FALSE
MAR,Morocco,2012,0.626,4.97,FALSE
MAR,Morocco,2013,0.636,5.142,FALSE
MAR,Morocco,2014,0.645,5.16,TRUE
MAR,Morocco,2015,0.656,5.163,FALSE
MAR,Morocco,2016,0.662,5.386,FALSE
MAR,Morocco,2017,0.671,5.312,FALSE
MAR,Morocco,2018,0.677,4.897,FALSE
MAR,Morocco,2019,0.684,5.057,FALSE
MAR,Morocco,2020,0.683,4.803,FALSE
MAR,Morocco,2021,0.688,5.326,FALSE
MAR,Morocco,2022,0.698,4.596,FALSE
MDA,Moldova,2007,0.711,4.775,FALSE
MDA,Moldova,2008,0.718,5.503,FALSE
MDA,Moldova,2009,0.713,5.554,FALSE
MDA,Moldova,2010,0.716,5.59,FALSE
MDA,Moldova,2011,0.719,5.792,FALSE
MDA,Moldova,2012,0.722,5.996,FALSE
MDA,Moldova,2013,0.726,5.756,FALSE
MDA,Moldova,2014,0.749,5.917,FALSE
MDA,Moldova,2015,0.749,6.017,FALSE
MDA,Moldova,2016,0.755,5.578,FALSE
MDA,Moldova,2017,0.764,5.326,FALSE
MDA,Moldova,2018,0.767,5.682,FALSE
MDA,Moldova,2019,0.773,5.803,FALSE
MDA,Moldova,2020,0.765,5.812,FALSE
MDA,Moldova,2021,0.767,5.959,FALSE
MDA,Moldova,2022,0.763,5.687,FALSE
MEX,Mexico,2007,0.743,6.525,FALSE
MEX,Mexico,2008,0.745,6.829,FALSE
MEX,Mexico,2009,0.745,6.963,FALSE
MEX,Mexico,2010,0.747,6.802,FALSE
MEX,Mexico,2011,0.753,6.91,FALSE
MEX,Mexico,2012,0.76,7.32,FALSE
MEX,Mexico,2013,0.761,7.443,FALSE
MEX,Mexico,2014,0.765,6.68,FALSE
MEX,Mexico,2015,0.769,6.236,FALSE
MEX,Mexico,2016,0.773,6.824,FALSE
MEX,Mexico,2017,0.776,6.41,FALSE
MEX,Mexico,2018,0.779,6.55,FALSE
MEX,Mexico,2019,0.781,6.432,FALSE
MEX,Mexico,2020,0.757,5.964,FALSE
MEX,Mexico,2021,0.757,5.991,FALSE
MEX,Mexico,2022,0.781,7.038,FALSE
MKD,North Macedonia,2007,0.717,4.494,FALSE
MKD,North Macedonia,2008,0.736,4.976,TRUE
MKD,North Macedonia,2009,0.74,4.428,FALSE
MKD,North Macedonia,2010,0.746,4.18,FALSE
MKD,North Macedonia,2011,0.751,4.898,FALSE
MKD,North Macedonia,2012,0.755,4.64,FALSE
MKD,North Macedonia,2013,0.763,5.186,FALSE
MKD,North Macedonia,2014,0.769,5.204,FALSE
MKD,North Macedonia,2015,0.777,4.976,FALSE
MKD,North Macedonia,2016,0.782,5.346,FALSE
MKD,North Macedonia,2017,0.789,5.234,FALSE
MKD,North Macedonia,2018,0.796,5.24,FALSE
MKD,North Macedonia,2019,0.787,5.015,FALSE
MKD,North Macedonia,2020,0.766,5.054,FALSE
MKD,North Macedonia,2021,0.764,5.535,FALSE
MKD,North Macedonia,2022,0.765,5.167,FALSE
MLI,Mali,2007,0.381,4.301,TRUE
MLI,Mali,2008,0.39,4.115,FALSE
MLI,Mali,2009,0.398,3.977,FALSE
MLI,Mali,2010,0.406,3.762,FALSE
MLI,Mali,2011,0.411,4.667,FALSE
MLI,Mali,2012,0.407,4.313,FALSE
MLI,Mali,2013,0.404,3.676,FALSE
MLI,Mali,2014,0.41,3.975,FALSE
MLI,Mali,2015,0.409,4.582,FALSE
MLI,Mali,2016,0.407,4.016,FALSE
MLI,Mali,2017,0.413,4.742,FALSE
MLI,Mali,2018,0.417,4.416,FALSE
MLI,Mali,2019,0.421,4.988,FALSE
MLI,Mali,2020,0.407,4.269,FALSE
MLI,Mali,2021,0.408,4.113,FALSE
MLI,Mali,2022,0.41,4.211,FALSE
MLT,Malta,2007,0.84,6.404,TRUE
MLT,Malta,2008,0.844,6.365,TRUE
MLT,Malta,2009,0.849,6.328,FALSE
MLT,Malta,2010,0.862,5.774,FALSE
MLT,Malta,2011,0.857,6.155,FALSE
MLT,Malta,2012,0.865,5.963,FALSE
MLT,Malta,2013,0.874,6.38,FALSE
MLT,Malta,2014,0.881,6.452,FALSE
MLT,Malta,2015,0.887,6.613,FALSE
MLT,Malta,2016,0.887,6.591,FALSE
MLT,Malta,2017,0.896,6.676,FALSE
MLT,Malta,2018,0.903,6.91,FALSE
MLT,Malta,2019,0.905,6.733,FALSE
MLT,Malta,2020,0.901,6.157,FALSE
MLT,Malta,2021,0.912,6.444,FALSE
MLT,Malta,2022,0.915,6.299,FALSE
MNE,Montenegro,2007,0.783,5.196,FALSE
MNE,Montenegro,2008,0.797,5.448,TRUE
MNE,Montenegro,2009,0.798,4.801,FALSE
MNE,Montenegro,2010,0.806,5.455,FALSE
MNE,Montenegro,2011,0.811,5.223,FALSE
MNE,Montenegro,2012,0.813,5.219,FALSE
MNE,Montenegro,2013,0.819,5.074,FALSE
MNE,Montenegro,2014,0.822,5.283,FALSE
MNE,Montenegro,2015,0.827,5.125,FALSE
MNE,Montenegro,2016,0.826,5.304,FALSE
MNE,Montenegro,2017,0.833,5.615,FALSE
MNE,Montenegro,2018,0.838,5.65,FALSE
MNE,Montenegro,2019,0.841,5.386,FALSE
MNE,Montenegro,2020,0.832,5.722,FALSE
MNE,Montenegro,2021,0.84,5.465,TRUE
MNE,Montenegro,2022,0.844,5.6,FALSE
MNG,Mongolia,2007,0.68,4.609,FALSE
MNG,Mongolia,2008,0.69,4.493,FALSE
MNG,Mongolia,2009,0.694,4.812,TRUE
MNG,Mongolia,2010,0.7,4.586,FALSE
MNG,Mongolia,2011,0.71,5.031,FALSE
MNG,Mongolia,2012,0.72,4.885,FALSE
MNG,Mongolia,2013,0.73,4.913,FALSE
MNG,Mongolia,2014,0.735,4.825,FALSE
MNG,Mongolia,2015,0.739,4.983,FALSE
MNG,Mongolia,2016,0.741,5.057,FALSE
MNG,Mongolia,2017,0.742,5.334,FALSE
MNG,Mongolia,2018,0.754,5.465,FALSE
MNG,Mongolia,2019,0.749,5.563,FALSE
MNG,Mongolia,2020,0.74,6.011,FALSE
MNG,Mongolia,2021,0.73,5.721,FALSE
MNG,Mongolia,2022,0.741,5.788,FALSE
MRT,Mauritania,2007,0.495,4.149,FALSE
MRT,Mauritania,2008,0.495,4.248,FALSE
MRT,Mauritania,2009,0.505,4.5,FALSE
MRT,Mauritania,2010,0.508,4.772,FALSE
MRT,Mauritania,2011,0.513,4.785,FALSE
MRT,Mauritania,2012,0.522,4.673,FALSE
MRT,Mauritania,2013,0.53,4.199,FALSE
MRT,Mauritania,2014,0.532,4.483,FALSE
MRT,Mauritania,2015,0.536,3.923,FALSE
MRT,Mauritania,2016,0.532,4.472,FALSE
MRT,Mauritania,2017,0.536,4.678,FALSE
MRT,Mauritania,2018,0.546,4.314,FALSE
MRT,Mauritania,2019,0.552,4.153,FALSE
MRT,Mauritania,2020,0.539,4.441,TRUE
MRT,Mauritania,2021,0.538,4.474,TRUE
MRT,Mauritania,2022,0.54,4.724,FALSE
MWI,Malawi,2007,0.433,4.891,FALSE
MWI,Malawi,2008,0.442,4.184,TRUE
MWI,Malawi,2009,0.452,5.148,FALSE
MWI,Malawi,2010,0.461,4.063,TRUE
MWI,Malawi,2011,0.469,3.946,FALSE
MWI,Malawi,2012,0.476,4.279,FALSE
MWI,Malawi,2013,0.484,4.035,FALSE
MWI,Malawi,2014,0.493,4.563,FALSE
MWI,Malawi,2015,0.498,3.868,FALSE
MWI,Malawi,2016,0.501,3.476,FALSE
MWI,Malawi,2017,0.506,3.417,FALSE
MWI,Malawi,2018,0.509,3.335,FALSE
MWI,Malawi,2019,0.514,3.869,FALSE
MWI,Malawi,2020,0.512,3.979,TRUE
MWI,Malawi,2021,0.509,3.635,FALSE
MWI,Malawi,2022,0.508,3.356,FALSE
MYS,Malaysia,2007,0.744,6.239,FALSE
MYS,Malaysia,2008,0.754,5.807,FALSE
MYS,Malaysia,2009,0.761,5.385,FALSE
MYS,Malaysia,2010,0.768,5.58,FALSE
MYS,Malaysia,2011,0.771,5.786,FALSE
MYS,Malaysia,2012,0.777,5.914,FALSE
MYS,Malaysia,2013,0.782,5.77,FALSE
MYS,Malaysia,2014,0.787,5.963,FALSE
MYS,Malaysia,2015,0.792,6.322,FALSE
MYS,Malaysia,2016,0.798,5.92,TRUE
MYS,Malaysia,2017,0.8,6.001,TRUE
MYS,Malaysia,2018,0.802,5.339,FALSE
MYS,Malaysia,2019,0.805,5.428,FALSE
MYS,Malaysia,2020,0.802,6.014,FALSE
MYS,Malaysia,2021,0.798,6.01,FALSE
MYS,Malaysia,2022,0.807,6.048,FALSE
NER,Niger,2007,0.309,4.277,FALSE
NER,Niger,2008,0.318,4.236,FALSE
NER,Niger,2009,0.325,4.267,FALSE
NER,Niger,2010,0.336,4.101,FALSE
NER,Niger,2011,0.344,4.556,FALSE
NER,Niger,2012,0.352,3.798,FALSE
NER,Niger,2013,0.358,3.716,FALSE
NER,Niger,2014,0.363,4.181,FALSE
NER,Niger,2015,0.367,3.671,FALSE
NER,Niger,2016,0.372,4.235,FALSE
NER,Niger,2017,0.377,4.616,FALSE
NER,Niger,2018,0.383,5.164,FALSE
NER,Niger,2019,0.39,5.004,FALSE
NER,Niger,2020,0.391,3.946,TRUE
NER,Niger,2021,0.389,4.275,TRUE
NER,Niger,2022,0.394,4.501,FALSE
NGA,Nigeria,2007,0.479,4.89,FALSE
NGA,Nigeria,2008,0.482,4.939,FALSE
NGA,Nigeria,2009,0.486,4.98,FALSE
NGA,Nigeria,2010,0.488,4.76,FALSE
NGA,Nigeria,2011,0.494,5.131,TRUE
NGA,Nigeria,2012,0.499,5.493,FALSE
NGA,Nigeria,2013,0.504,4.818,FALSE
NGA,Nigeria,2014,0.513,5.054,TRUE
NGA,Nigeria,2015,0.52,4.933,FALSE
NGA,Nigeria,2016,0.526,5.22,FALSE
NGA,Nigeria,2017,0.528,5.322,FALSE
NGA,Nigeria,2018,0.53,5.252,FALSE
NGA,Nigeria,2019,0.537,4.266,FALSE
NGA,Nigeria,2020,0.539,5.503,FALSE
NGA,Nigeria,2021,0.542,4.479,FALSE
NGA,Nigeria,2022,0.548,5.294,FALSE
NIC,Nicaragua,2007,0.596,4.944,FALSE
NIC,Nicaragua,2008,0.602,5.104,FALSE
NIC,Nicaragua,2009,0.603,5.353,FALSE
NIC,Nicaragua,2010,0.611,5.687,FALSE
NIC,Nicaragua,2011,0.619,5.386,FALSE
NIC,Nicaragua,2012,0.625,5.448,FALSE
NIC,Nicaragua,2013,0.631,5.772,FALSE
NIC,Nicaragua,2014,0.638,6.275,FALSE
NIC,Nicaragua,2015,0.644,5.924,FALSE
NIC,Nicaragua,2016,0.65,6.013,FALSE
NIC,Nicaragua,2017,0.656,6.476,FALSE
NIC,Nicaragua,2018,0.658,5.819,FALSE
NIC,Nicaragua,2019,0.661,6.113,FALSE
NIC,Nicaragua,2020,0.652,6.287,FALSE
NIC,Nicaragua,2021,0.665,6.095,FALSE
NIC,Nicaragua,2022,0.669,6.392,FALSE
NLD,Netherlands,2007,0.911,7.452,FALSE
NLD,Netherlands,2008,0.911,7.631,FALSE
NLD,Netherlands,2009,0.912,7.381,TRUE
NLD,Netherlands,2010,0.917,7.502,FALSE
NLD,Netherlands,2011,0.927,7.564,FALSE
NLD,Netherlands,2012,0.927,7.471,FALSE
NLD,Netherlands,2013,0.929,7.407,FALSE
NLD,Netherlands,2014,0.931,7.321,FALSE
NLD,Netherlands,2015,0.932,7.324,FALSE
NLD,Netherlands,2016,0.933,7.541,FALSE
NLD,Netherlands,2017,0.936,7.459,FALSE
NLD,Netherlands,2018,0.939,7.463,FALSE
NLD,Netherlands,2019,0.941,7.425,FALSE
NLD,Netherlands,2020,0.938,7.504,FALSE
NLD,Netherlands,2021,0.941,7.314,FALSE
NLD,Netherlands,2022,0.946,7.39,FALSE
NPL,Nepal,2007,0.508,4.748,FALSE
NPL,Nepal,2008,0.518,4.441,FALSE
NPL,Nepal,2009,0.53,4.917,FALSE
NPL,Nepal,2010,0.543,4.35,FALSE
NPL,Nepal,2011,0.552,3.809,FALSE
NPL,Nepal,2012,0.557,4.233,FALSE
NPL,Nepal,2013,0.563,4.605,FALSE
NPL,Nepal,2014,0.567,4.975,FALSE
NPL,Nepal,2015,0.568,4.812,FALSE
NPL,Nepal,2016,0.574,5.1,FALSE
NPL,Nepal,2017,0.581,4.737,FALSE
NPL,Nepal,2018,0.588,4.91,FALSE
NPL,Nepal,2019,0.598,5.449,FALSE
NPL,Nepal,2020,0.593,5.982,FALSE
NPL,Nepal,2021,0.591,4.622,FALSE
NPL,Nepal,2022,0.601,5.474,FALSE
NZL,New Zealand,2007,0.919,7.604,FALSE
NZL,New Zealand,2008,0.919,7.381,FALSE
NZL,New Zealand,2009,0.922,7.218,TRUE
NZL,New Zealand,2010,0.924,7.224,FALSE
NZL,New Zealand,2011,0.924,7.191,FALSE
NZL,New Zealand,2012,0.927,7.25,FALSE
NZL,New Zealand,2013,0.93,7.28,FALSE
NZL,New Zealand,2014,0.931,7.306,FALSE
NZL,New Zealand,2015,0.933,7.418,FALSE
NZL,New Zealand,2016,0.935,7.226,FALSE
NZL,New Zealand,2017,0.935,7.327,FALSE
NZL,New Zealand,2018,0.936,7.37,FALSE
NZL,New Zealand,2019,0.937,7.205,FALSE
NZL,New Zealand,2020,0.935,7.257,FALSE
NZL,New Zealand,2021,0.936,7.137,FALSE
NZL,New Zealand,2022,0.939,6.975,FALSE
PAK,Pakistan,2007,0.49,5.671,FALSE
PAK,Pakistan,2008,0.489,4.414,FALSE
PAK,Pakistan,2009,0.493,5.208,FALSE
PAK,Pakistan,2010,0.496,5.786,FALSE
PAK,Pakistan,2011,0.5,5.267,FALSE
PAK,Pakistan,2012,0.504,5.132,FALSE
PAK,Pakistan,2013,0.51,5.138,FALSE
PAK,Pakistan,2014,0.519,5.436,FALSE
PAK,Pakistan,2015,0.525,4.823,FALSE
PAK,Pakistan,2016,0.533,5.549,FALSE
PAK,Pakistan,2017,0.534,5.831,FALSE
PAK,Pakistan,2018,0.535,5.472,FALSE
PAK,Pakistan,2019,0.537,4.443,FALSE
PAK,Pakistan,2020,0.536,4.624,FALSE
PAK,Pakistan,2021,0.537,4.487,FALSE
PAK,Pakistan,2022,0.54,4.931,FALSE
PAN,Panama,2007,0.765,6.894,FALSE
PAN,Panama,2008,0.769,6.931,FALSE
PAN,Panama,2009,0.771,7.034,FALSE
PAN,Panama,2010,0.775,7.321,FALSE
PAN,Panama,2011,0.781,7.248,FALSE
PAN,Panama,2012,0.788,6.86,FALSE
PAN,Panama,2013,0.794,6.866,FALSE
PAN,Panama,2014,0.797,6.631,FALSE
PAN,Panama,2015,0.802,6.606,FALSE
PAN,Panama,2016,0.809,6.118,FALSE
PAN,Panama,2017,0.814,6.568,FALSE
PAN,Panama,2018,0.817,6.281,FALSE
PAN,Panama,2019,0.82,6.086,FALSE
PAN,Panama,2020,0.809,6.787,TRUE
PAN,Panama,2021,0.813,6.553,FALSE
PAN,Panama,2022,0.82,5.979,FALSE
PER,Peru,2007,0.7,5.214,FALSE
PER,Peru,2008,0.707,5.129,FALSE
PER,Peru,2009,0.711,5.519,FALSE
PER,Peru,2010,0.725,5.613,FALSE
PER,Peru,2011,0.731,5.892,FALSE
PER,Peru,2012,0.741,5.825,FALSE
PER,Peru,2013,0.749,5.783,FALSE
PER,Peru,2014,0.754,5.866,FALSE
PER,Peru,2015,0.758,5.577,FALSE
PER,Peru,2016,0.764,5.701,FALSE
PER,Peru,2017,0.765,5.711,FALSE
PER,Peru,2018,0.77,5.68,FALSE
PER,Peru,2019,0.774,5.999,FALSE
PER,Peru,2020,0.758,4.994,FALSE
PER,Peru,2021,0.755,5.694,FALSE
PER,Peru,2022,0.762,5.892,FALSE
PHL,Philippines,2007,0.663,5.074,FALSE
PHL,Philippines,2008,0.666,4.589,FALSE
PHL,Philippines,2009,0.666,4.88,FALSE
PHL,Philippines,2010,0.673,4.942,FALSE
PHL,Philippines,2011,0.677,4.994,FALSE
PHL,Philippines,2012,0.684,5.002,FALSE
PHL,Philippines,2013,0.689,4.977,FALSE
PHL,Philippines,2014,0.693,5.313,FALSE
PHL,Philippines,2015,0.696,5.547,FALSE
PHL,Philippines,2016,0.696,5.431,FALSE
PHL,Philippines,2017,0.7,5.594,FALSE
PHL,Philippines,2018,0.706,5.869,FALSE
PHL,Philippines,2019,0.714,6.268,FALSE
PHL,Philippines,2020,0.705,5.08,FALSE
PHL,Philippines,2021,0.692,5.965,FALSE
PHL,Philippines,2022,0.71,5.995,FALSE
POL,Poland,2007,0.828,5.886,FALSE
POL,Poland,2008,0.834,5.821,TRUE
POL,Poland,2009,0.838,5.772,FALSE
POL,Poland,2010,0.845,5.887,FALSE
POL,Poland,2011,0.851,5.646,FALSE
POL,Poland,2012,0.855,5.876,FALSE
POL,Poland,2013,0.865,5.746,FALSE
POL,Poland,2014,0.867,5.75,FALSE
POL,Poland,2015,0.869,6.007,FALSE
POL,Poland,2016,0.872,6.162,FALSE
POL,Poland,2017,0.874,6.201,FALSE
POL,Poland,2018,0.876,6.111,FALSE
POL,Poland,2019,0.88,6.242,FALSE
POL,Poland,2020,0.874,6.139,FALSE
POL,Poland,2021,0.876,5.978,FALSE
POL,Poland,2022,0.881,6.666,FALSE
PRT,Portugal,2007,0.822,5.652,TRUE
PRT,Portugal,2008,0.825,5.717,FALSE
PRT,Portugal,2009,0.827,5.613,TRUE
PRT,Portugal,2010,0.831,5.095,FALSE
PRT,Portugal,2011,0.836,5.22,FALSE
PRT,Portugal,2012,0.837,4.994,FALSE
PRT,Portugal,2013,0.842,5.158,FALSE
PRT,Portugal,2014,0.847,5.127,FALSE
PRT,Portugal,2015,0.85,5.081,FALSE
PRT,Portugal,2016,0.851,5.447,FALSE
PRT,Portugal,2017,0.857,5.711,FALSE
PRT,Portugal,2018,0.858,5.92,FALSE
PRT,Portugal,2019,0.864,6.095,FALSE
PRT,Portugal,2020,0.861,5.768,FALSE
PRT,Portugal,2021,0.865,6.183,FALSE
PRT,Portugal,2022,0.874,5.953,FALSE
PRY,Paraguay,2007,0.681,5.272,FALSE
PRY,Paraguay,2008,0.691,5.57,FALSE
PRY,Paraguay,2009,0.691,5.576,FALSE
PRY,Paraguay,2010,0.7,5.841,FALSE
PRY,Paraguay,2011,0.711,5.677,FALSE
PRY,Paraguay,2012,0.716,5.82,FALSE
PRY,Paraguay,2013,0.729,5.936,FALSE
PRY,Paraguay,2014,0.731,5.119,FALSE
PRY,Paraguay,2015,0.738,5.56,FALSE
PRY,Paraguay,2016,0.736,5.801,FALSE
PRY,Paraguay,2017,0.739,5.713,FALSE
PRY,Paraguay,2018,0.742,5.709,TRUE
PRY,Paraguay,2019,0.746,5.653,FALSE
PRY,Paraguay,2020,0.742,5.501,FALSE
PRY,Paraguay,2021,0.73,5.576,FALSE
PRY,Paraguay,2022,0.731,6.138,FALSE
PSE,West Bank and Gaza,2007,0.672,4.151,FALSE
PSE,West Bank and Gaza,2008,0.678,4.386,FALSE
PSE,West Bank and Gaza,2009,0.683,4.47,FALSE
PSE,West Bank and Gaza,2010,0.688,4.703,FALSE
PSE,West Bank and Gaza,2011,0.696,4.751,FALSE
PSE,West Bank and Gaza,2012,0.702,4.647,FALSE
PSE,West Bank and Gaza,2013,0.704,4.844,FALSE
PSE,West Bank and Gaza,2014,0.698,4.722,FALSE
PSE,West Bank and Gaza,2015,0.71,4.695,FALSE
PSE,West Bank and Gaza,2016,0.715,4.907,FALSE
PSE,West Bank and Gaza,2017,0.718,4.628,FALSE
PSE,West Bank and Gaza,2018,0.722,4.554,FALSE
PSE,West Bank and Gaza,2019,0.739,4.483,FALSE
PSE,West Bank and Gaza,2020,0.715,4.537,TRUE
PSE,West Bank and Gaza,2021,0.715,4.66,TRUE
PSE,West Bank and Gaza,2022,0.716,4.908,FALSE
ROU,Romania,2007,0.78,5.394,FALSE
ROU,Romania,2008,0.807,5.542,TRUE
ROU,Romania,2009,0.819,5.368,FALSE
ROU,Romania,2010,0.813,4.909,FALSE
ROU,Romania,2011,0.813,5.023,FALSE
ROU,Romania,2012,0.807,5.167,FALSE
ROU,Romania,2013,0.811,5.082,FALSE
ROU,Romania,2014,0.811,5.727,FALSE
ROU,Romania,2015,0.813,5.777,FALSE
ROU,Romania,2016,0.815,5.969,FALSE
ROU,Romania,2017,0.823,6.09,FALSE
ROU,Romania,2018,0.829,6.151,FALSE
ROU,Romania,2019,0.834,6.13,FALSE
ROU,Romania,2020,0.828,6.785,FALSE
ROU,Romania,2021,0.825,6.549,FALSE
ROU,Romania,2022,0.827,6.437,FALSE
RUS,Russian Federation,2007,0.789,5.223,FALSE
RUS,Russian Federation,2008,0.793,5.619,FALSE
RUS,Russian Federation,2009,0.791,5.158,FALSE
RUS,Russian Federation,2010,0.797,5.385,FALSE
RUS,Russian Federation,2011,0.807,5.389,FALSE
RUS,Russian Federation,2012,0.811,5.621,FALSE
RUS,Russian Federation,2013,0.816,5.537,FALSE
RUS,Russian Federation,2014,0.818,6.037,FALSE
RUS,Russian Federation,2015,0.823,5.996,FALSE
RUS,Russian Federation,2016,0.826,5.855,FALSE
RUS,Russian Federation,2017,0.827,5.579,FALSE
RUS,Russian Federation,2018,0.836,5.514,FALSE
RUS,Russian Federation,2019,0.839,5.441,FALSE
RUS,Russian Federation,2020,0.826,5.495,FALSE
RUS,Russian Federation,2021,0.818,5.448,FALSE
RUS,Russian Federation,2022,0.821,6.044,FALSE
SAU,Saudi Arabia,2007,0.786,7.267,FALSE
SAU,Saudi Arabia,2008,0.794,6.811,FALSE
SAU,Saudi Arabia,2009,0.798,6.148,FALSE
SAU,Saudi Arabia,2010,0.805,6.307,FALSE
SAU,Saudi Arabia,2011,0.816,6.7,FALSE
SAU,Saudi Arabia,2012,0.824,6.396,FALSE
SAU,Saudi Arabia,2013,0.831,6.495,FALSE
SAU,Saudi Arabia,2014,0.836,6.278,FALSE
SAU,Saudi Arabia,2015,0.842,6.345,FALSE
SAU,Saudi Arabia,2016,0.846,6.474,FALSE
SAU,Saudi Arabia,2017,0.849,6.294,FALSE
SAU,Saudi Arabia,2018,0.856,6.356,FALSE
SAU,Saudi Arabia,2019,0.862,6.561,FALSE
SAU,Saudi Arabia,2020,0.861,6.56,FALSE
SAU,Saudi Arabia,2021,0.867,6.445,FALSE
SAU,Saudi Arabia,2022,0.875,6.382,FALSE
SEN,Senegal,2007,0.442,4.68,FALSE
SEN,Senegal,2008,0.454,4.683,FALSE
SEN,Senegal,2009,0.461,4.335,FALSE
SEN,Senegal,2010,0.47,4.372,FALSE
SEN,Senegal,2011,0.483,3.834,FALSE
SEN,Senegal,2012,0.491,3.669,FALSE
SEN,Senegal,2013,0.497,3.647,FALSE
SEN,Senegal,2014,0.501,4.395,FALSE
SEN,Senegal,2015,0.501,4.617,FALSE
SEN,Senegal,2016,0.51,4.595,FALSE
SEN,Senegal,2017,0.511,4.683,FALSE
SEN,Senegal,2018,0.515,4.769,FALSE
SEN,Senegal,2019,0.514,5.489,FALSE
SEN,Senegal,2020,0.514,4.757,FALSE
SEN,Senegal,2021,0.512,4.903,FALSE
SEN,Senegal,2022,0.517,4.907,FALSE
SGP,Singapore,2007,0.906,6.834,FALSE
SGP,Singapore,2008,0.91,6.642,FALSE
SGP,Singapore,2009,0.91,6.145,FALSE
SGP,Singapore,2010,0.921,6.531,FALSE
SGP,Singapore,2011,0.924,6.561,FALSE
SGP,Singapore,2012,0.926,6.465,TRUE
SGP,Singapore,2013,0.93,6.533,FALSE
SGP,Singapore,2014,0.932,7.062,FALSE
SGP,Singapore,2015,0.935,6.62,FALSE
SGP,Singapore,2016,0.937,6.033,FALSE
SGP,Singapore,2017,0.938,6.378,FALSE
SGP,Singapore,2018,0.942,6.375,FALSE
SGP,Singapore,2019,0.945,6.378,FALSE
SGP,Singapore,2020,0.942,6.458,TRUE
SGP,Singapore,2021,0.942,6.587,FALSE
SGP,Singapore,2022,0.949,6.333,FALSE
SLE,Sierra Leone,2007,0.392,3.585,FALSE
SLE,Sierra Leone,2008,0.403,2.997,FALSE
SLE,Sierra Leone,2009,0.411,4.247,TRUE
SLE,Sierra Leone,2010,0.416,4.134,FALSE
SLE,Sierra Leone,2011,0.424,4.502,FALSE
SLE,Sierra Leone,2012,0.427,3.697,TRUE
SLE,Sierra Leone,2013,0.445,4.514,FALSE
SLE,Sierra Leone,2014,0.447,4.5,FALSE
SLE,Sierra Leone,2015,0.438,4.909,FALSE
SLE,Sierra Leone,2016,0.446,4.733,FALSE
SLE,Sierra Leone,2017,0.448,4.09,FALSE
SLE,Sierra Leone,2018,0.454,4.306,FALSE
SLE,Sierra Leone,2019,0.457,3.447,FALSE
SLE,Sierra Leone,2020,0.453,3.712,TRUE
SLE,Sierra Leone,2021,0.456,3.714,FALSE
SLE,Sierra Leone,2022,0.458,2.56,FALSE
SLV,El Salvador,2007,0.651,5.296,FALSE
SLV,El Salvador,2008,0.651,5.191,FALSE
SLV,El Salvador,2009,0.651,6.839,FALSE
SLV,El Salvador,2010,0.657,6.74,FALSE
SLV,El Salvador,2011,0.657,4.741,FALSE
SLV,El Salvador,2012,0.661,5.934,FALSE
SLV,El Salvador,2013,0.664,6.325,FALSE
SLV,El Salvador,2014,0.663,5.857,FALSE
SLV,El Salvador,2015,0.663,6.018,FALSE
SLV,El Salvador,2016,0.664,6.14,FALSE
SLV,El Salvador,2017,0.667,6.339,FALSE
SLV,El Salvador,2018,0.673,6.241,FALSE
SLV,El Salvador,2019,0.676,6.455,FALSE
SLV,El Salvador,2020,0.666,5.462,FALSE
SLV,El Salvador,2021,0.669,6.431,FALSE
SLV,El Salvador,2022,0.674,6.492,FALSE
SRB,Serbia,2007,0.753,4.75,FALSE
SRB,Serbia,2008,0.764,5.47,TRUE
SRB,Serbia,2009,0.766,4.38,FALSE
SRB,Serbia,2010,0.768,4.461,FALSE
SRB,Serbia,2011,0.773,4.815,FALSE
SRB,Serbia,2012,0.78,5.155,FALSE
SRB,Serbia,2013,0.785,5.102,FALSE
SRB,Serbia,2014,0.787,5.113,FALSE
SRB,Serbia,2015,0.794,5.318,FALSE
SRB,Serbia,2016,0.8,5.753,FALSE
SRB,Serbia,2017,0.802,5.122,FALSE
SRB,Serbia,2018,0.808,5.936,FALSE
SRB,Serbia,2019,0.812,6.241,FALSE
SRB,Serbia,2020,0.806,6.042,FALSE
SRB,Serbia,2021,0.804,6.245,FALSE
SRB,Serbia,2022,0.805,6.546,FALSE
SVK,Slovak Republic,2007,0.822,6.004,TRUE
SVK,Slovak Republic,2008,0.831,5.996,TRUE
SVK,Slovak Republic,2009,0.834,5.898,TRUE
SVK,Slovak Republic,2010,0.841,6.052,FALSE
SVK,Slovak Republic,2011,0.846,5.945,FALSE
SVK,Slovak Republic,2012,0.846,5.911,FALSE
SVK,Slovak Republic,2013,0.849,5.937,FALSE
SVK,Slovak Republic,2014,0.851,6.139,FALSE
SVK,Slovak Republic,2015,0.852,6.162,FALSE
SVK,Slovak Republic,2016,0.855,5.993,FALSE
SVK,Slovak Republic,2017,0.857,6.366,FALSE
SVK,Slovak Republic,2018,0.86,6.235,FALSE
SVK,Slovak Republic,2019,0.863,6.243,FALSE
SVK,Slovak Republic,2020,0.86,6.519,FALSE
SVK,Slovak Republic,2021,0.852,6.419,FALSE
SVK,Slovak Republic,2022,0.855,6.091,FALSE
SVN,Slovenia,2007,0.881,6.211,TRUE
SVN,Slovenia,2008,0.889,6.253,TRUE
SVN,Slovenia,2009,0.886,5.83,FALSE
SVN,Slovenia,2010,0.89,6.083,FALSE
SVN,Slovenia,2011,0.892,6.036,FALSE
SVN,Slovenia,2012,0.892,6.063,FALSE
SVN,Slovenia,2013,0.901,5.975,FALSE
SVN,Slovenia,2014,0.903,5.678,FALSE
SVN,Slovenia,2015,0.903,5.741,FALSE
SVN,Slovenia,2016,0.909,5.937,FALSE
SVN,Slovenia,2017,0.912,6.167,FALSE
SVN,Slovenia,2018,0.916,6.249,FALSE
SVN,Slovenia,2019,0.918,6.665,FALSE
SVN,Slovenia,2020,0.91,6.462,FALSE
SVN,Slovenia,2021,0.916,6.761,FALSE
SVN,Slovenia,2022,0.926,6.723,FALSE
SWE,Sweden,2007,0.909,7.241,FALSE
SWE,Sweden,2008,0.905,7.516,FALSE
SWE,Sweden,2009,0.904,7.266,FALSE
SWE,Sweden,2010,0.91,7.496,FALSE
SWE,Sweden,2011,0.912,7.382,FALSE
SWE,Sweden,2012,0.912,7.56,FALSE
SWE,Sweden,2013,0.932,7.434,FALSE
SWE,Sweden,2014,0.935,7.239,FALSE
SWE,Sweden,2015,0.937,7.289,FALSE
SWE,Sweden,2016,0.939,7.369,FALSE
SWE,Sweden,2017,0.941,7.287,FALSE
SWE,Sweden,2018,0.943,7.375,FALSE
SWE,Sweden,2019,0.947,7.398,FALSE
SWE,Sweden,2020,0.944,7.314,FALSE
SWE,Sweden,2021,0.949,7.439,FALSE
SWE,Sweden,2022,0.952,7.431,FALSE
TCD,Chad,2007,0.339,4.141,FALSE
TCD,Chad,2008,0.343,4.632,FALSE
TCD,Chad,2009,0.357,3.639,FALSE
TCD,Chad,2010,0.364,3.743,FALSE
TCD,Chad,2011,0.373,4.393,FALSE
TCD,Chad,2012,0.381,4.033,FALSE
TCD,Chad,2013,0.385,3.508,FALSE
TCD,Chad,2014,0.392,3.46,FALSE
TCD,Chad,2015,0.388,4.323,FALSE
TCD,Chad,2016,0.388,4.029,FALSE
TCD,Chad,2017,0.389,4.559,FALSE
TCD,Chad,2018,0.393,4.486,FALSE
TCD,Chad,2019,0.398,4.251,FALSE
TCD,Chad,2020,0.396,4.162,TRUE
TCD,Chad,2021,0.393,3.626,TRUE
TCD,Chad,2022,0.394,4.397,FALSE
THA,Thailand,2007,0.732,5.784,FALSE
THA,Thailand,2008,0.735,5.636,FALSE
THA,Thailand,2009,0.738,5.476,FALSE
THA,Thailand,2010,0.743,6.217,FALSE
THA,Thailand,2011,0.749,6.664,FALSE
THA,Thailand,2012,0.752,6.3,FALSE
THA,Thailand,2013,0.754,6.231,FALSE
THA,Thailand,2014,0.785,6.985,FALSE
THA,Thailand,2015,0.789,6.202,FALSE
THA,Thailand,2016,0.793,6.074,FALSE
THA,Thailand,2017,0.795,5.939,FALSE
THA,Thailand,2018,0.796,6.012,FALSE
THA,Thailand,2019,0.801,6.022,FALSE
THA,Thailand,2020,0.8,5.885,FALSE
THA,Thailand,2021,0.797,5.638,FALSE
THA,Thailand,2022,0.803,6.007,FALSE
TJK,Tajikistan,2007,0.62,4.432,FALSE
TJK,Tajikistan,2008,0.628,5.064,FALSE
TJK,Tajikistan,2009,0.629,4.575,FALSE
TJK,Tajikistan,2010,0.631,4.381,FALSE
TJK,Tajikistan,2011,0.636,4.263,FALSE
TJK,Tajikistan,2012,0.641,4.497,FALSE
TJK,Tajikistan,2013,0.647,4.967,FALSE
TJK,Tajikistan,2014,0.649,4.896,FALSE
TJK,Tajikistan,2015,0.651,5.124,FALSE
TJK,Tajikistan,2016,0.655,5.104,FALSE
TJK,Tajikistan,2017,0.659,5.829,FALSE
TJK,Tajikistan,2018,0.664,5.497,FALSE
TJK,Tajikistan,2019,0.668,5.464,FALSE
TJK,Tajikistan,2020,0.656,5.373,FALSE
TJK,Tajikistan,2021,0.677,5.287,FALSE
TJK,Tajikistan,2022,0.679,5.176,FALSE
TUN,Tunisia,2007,0.7,4.694,TRUE
TUN,Tunisia,2008,0.705,4.712,TRUE
TUN,Tunisia,2009,0.709,5.025,FALSE
TUN,Tunisia,2010,0.713,5.131,FALSE
TUN,Tunisia,2011,0.715,4.876,FALSE
TUN,Tunisia,2012,0.716,4.464,FALSE
TUN,Tunisia,2013,0.719,5.246,FALSE
TUN,Tunisia,2014,0.721,4.764,FALSE
TUN,Tunisia,2015,0.724,5.132,FALSE
TUN,Tunisia,2016,0.728,4.521,FALSE
TUN,Tunisia,2017,0.732,4.124,FALSE
TUN,Tunisia,2018,0.737,4.741,FALSE
TUN,Tunisia,2019,0.74,4.315,FALSE
TUN,Tunisia,2020,0.734,4.731,FALSE
TUN,Tunisia,2021,0.729,4.499,FALSE
TUN,Tunisia,2022,0.732,4.261,FALSE
TUR,Turkiye,2007,0.718,5.623,FALSE
TUR,Turkiye,2008,0.721,5.118,FALSE
TUR,Turkiye,2009,0.728,5.213,FALSE
TUR,Turkiye,2010,0.75,5.49,FALSE
TUR,Turkiye,2011,0.763,5.272,FALSE
TUR,Turkiye,2012,0.772,5.309,FALSE
TUR,Turkiye,2013,0.802,4.888,FALSE
TUR,Turkiye,2014,0.812,5.58,FALSE
TUR,Turkiye,2015,0.821,5.514,FALSE
TUR,Turkiye,2016,0.826,5.326,FALSE
TUR,Turkiye,2017,0.833,5.607,FALSE
TUR,Turkiye,2018,0.838,5.186,FALSE
TUR,Turkiye,2019,0.842,4.872,FALSE
TUR,Turkiye,2020,0.835,4.862,FALSE
TUR,Turkiye,2021,0.841,4.367,FALSE
TUR,Turkiye,2022,0.855,5.093,FALSE
TZA,Tanzania,2007,0.464,4.318,FALSE
TZA,Tanzania,2008,0.472,4.385,FALSE
TZA,Tanzania,2009,0.482,3.408,FALSE
TZA,Tanzania,2010,0.493,3.229,FALSE
TZA,Tanzania,2011,0.498,4.074,FALSE
TZA,Tanzania,2012,0.501,4.007,FALSE
TZA,Tanzania,2013,0.504,3.852,FALSE
TZA,Tanzania,2014,0.506,3.483,FALSE
TZA,Tanzania,2015,0.507,3.661,FALSE
TZA,Tanzania,2016,0.509,2.903,FALSE
TZA,Tanzania,2017,0.517,3.347,FALSE
TZA,Tanzania,2018,0.525,3.445,FALSE
TZA,Tanzania,2019,0.533,3.64,FALSE
TZA,Tanzania,2020,0.535,3.786,FALSE
TZA,Tanzania,2021,0.529,3.681,FALSE
TZA,Tanzania,2022,0.532,3.616,FALSE
UGA,Uganda,2007,0.473,4.456,FALSE
UGA,Uganda,2008,0.481,4.569,FALSE
UGA,Uganda,2009,0.491,4.612,FALSE
UGA,Uganda,2010,0.5,4.193,FALSE
UGA,Uganda,2011,0.504,4.826,FALSE
UGA,Uganda,2012,0.504,4.309,FALSE
UGA,Uganda,2013,0.511,3.71,FALSE
UGA,Uganda,2014,0.518,3.77,FALSE
UGA,Uganda,2015,0.525,4.238,FALSE
UGA,Uganda,2016,0.531,4.233,FALSE
UGA,Uganda,2017,0.534,4.001,FALSE
UGA,Uganda,2018,0.539,4.322,FALSE
UGA,Uganda,2019,0.544,4.948,FALSE
UGA,Uganda,2020,0.545,4.641,FALSE
UGA,Uganda,2021,0.545,4.225,FALSE
UGA,Uganda,2022,0.55,4.425,FALSE
UKR,Ukraine,2007,0.759,5.252,FALSE
UKR,Ukraine,2008,0.763,5.172,FALSE
UKR,Ukraine,2009,0.761,5.166,FALSE
UKR,Ukraine,2010,0.766,5.058,FALSE
UKR,Ukraine,2011,0.772,5.083,FALSE
UKR,Ukraine,2012,0.774,5.03,FALSE
UKR,Ukraine,2013,0.774,4.711,FALSE
UKR,Ukraine,2014,0.774,4.297,FALSE
UKR,Ukraine,2015,0.764,3.965,FALSE
UKR,Ukraine,2016,0.767,4.029,FALSE
UKR,Ukraine,2017,0.771,4.311,FALSE
UKR,Ukraine,2018,0.771,4.662,FALSE
UKR,Ukraine,2019,0.774,4.702,FALSE
UKR,Ukraine,2020,0.762,5.27,FALSE
UKR,Ukraine,2021,0.755,5.311,FALSE
UKR,Ukraine,2022,0.734,4.637,FALSE
URY,Uruguay,2007,0.769,5.694,FALSE
URY,Uruguay,2008,0.773,5.664,FALSE
URY,Uruguay,2009,0.776,6.296,FALSE
URY,Uruguay,2010,0.785,6.062,FALSE
URY,Uruguay,2011,0.791,6.554,FALSE
URY,Uruguay,2012,0.794,6.45,FALSE
URY,Uruguay,2013,0.802,6.444,FALSE
URY,Uruguay,2014,0.805,6.561,FALSE
URY,Uruguay,2015,0.807,6.628,FALSE
URY,Uruguay,2016,0.811,6.171,FALSE
URY,Uruguay,2017,0.815,6.336,FALSE
URY,Uruguay,2018,0.815,6.372,FALSE
URY,Uruguay,2019,0.818,6.6,FALSE
URY,Uruguay,2020,0.82,6.31,FALSE
URY,Uruguay,2021,0.814,6.502,FALSE
URY,Uruguay,2022,0.83,6.671,FALSE
USA,United States,2007,0.911,7.513,FALSE
USA,United States,2008,0.912,7.28,FALSE
USA,United States,2009,0.913,7.158,FALSE
USA,United States,2010,0.916,7.164,FALSE
USA,United States,2011,0.918,7.115,FALSE
USA,United States,2012,0.92,7.026,FALSE
USA,United States,2013,0.922,7.249,FALSE
USA,United States,2014,0.923,7.151,FALSE
USA,United States,2015,0.924,6.864,FALSE
USA,United States,2016,0.926,6.804,FALSE
USA,United States,2017,0.928,6.992,FALSE
USA,United States,2018,0.93,6.883,FALSE
USA,United States,2019,0.933,6.944,FALSE
USA,United States,2020,0.923,7.028,FALSE
USA,United States,2021,0.921,6.959,FALSE
USA,United States,2022,0.927,6.693,FALSE
UZB,Uzbekistan,2007,0.655,5.323,TRUE
UZB,Uzbekistan,2008,0.66,5.311,FALSE
UZB,Uzbekistan,2009,0.666,5.261,FALSE
UZB,Uzbekistan,2010,0.675,5.095,FALSE
UZB,Uzbekistan,2011,0.682,5.739,FALSE
UZB,Uzbekistan,2012,0.688,6.019,FALSE
UZB,Uzbekistan,2013,0.693,5.94,FALSE
UZB,Uzbekistan,2014,0.698,6.049,FALSE
UZB,Uzbekistan,2015,0.701,5.972,FALSE
UZB,Uzbekistan,2016,0.709,5.893,FALSE
UZB,Uzbekistan,2017,0.714,6.421,FALSE
UZB,Uzbekistan,2018,0.719,6.205,FALSE
UZB,Uzbekistan,2019,0.725,6.154,FALSE
UZB,Uzbekistan,2020,0.716,5.842,FALSE
UZB,Uzbekistan,2021,0.721,6.185,FALSE
UZB,Uzbekistan,2022,0.727,6.016,FALSE
VEN,"Venezuela, RB",2007,0.747,6.448,TRUE
VEN,"Venezuela, RB",2008,0.754,6.258,FALSE
VEN,"Venezuela, RB",2009,0.754,7.189,FALSE
VEN,"Venezuela, RB",2010,0.759,7.478,FALSE
VEN,"Venezuela, RB",2011,0.766,6.58,FALSE
VEN,"Venezuela, RB",2012,0.769,7.067,FALSE
VEN,"Venezuela, RB",2013,0.771,6.553,FALSE
VEN,"Venezuela, RB",2014,0.768,6.136,FALSE
VEN,"Venezuela, RB",2015,0.766,5.569,FALSE
VEN,"Venezuela, RB",2016,0.759,4.041,FALSE
VEN,"Venezuela, RB",2017,0.75,5.071,FALSE
VEN,"Venezuela, RB",2018,0.738,5.006,FALSE
VEN,"Venezuela, RB",2019,0.72,5.081,FALSE
VEN,"Venezuela, RB",2020,0.691,4.574,FALSE
VEN,"Venezuela, RB",2021,0.69,5.108,FALSE
VEN,"Venezuela, RB",2022,0.699,5.949,FALSE
VNM,Viet Nam,2007,0.66,5.422,FALSE
VNM,Viet Nam,2008,0.665,5.48,FALSE
VNM,Viet Nam,2009,0.671,5.304,FALSE
VNM,Viet Nam,2010,0.676,5.296,FALSE
VNM,Viet Nam,2011,0.681,5.767,FALSE
VNM,Viet Nam,2012,0.684,5.535,FALSE
VNM,Viet Nam,2013,0.689,5.023,FALSE
VNM,Viet Nam,2014,0.693,5.085,FALSE
VNM,Viet Nam,2015,0.697,5.076,FALSE
VNM,Viet Nam,2016,0.702,5.062,FALSE
VNM,Viet Nam,2017,0.706,5.175,FALSE
VNM,Viet Nam,2018,0.711,5.296,FALSE
VNM,Viet Nam,2019,0.717,5.467,FALSE
VNM,Viet Nam,2020,0.726,5.462,FALSE
VNM,Viet Nam,2021,0.718,5.54,FALSE
VNM,Viet Nam,2022,0.726,6.267,FALSE
YEM,"Yemen, Rep.",2007,0.485,4.477,FALSE
YEM,"Yemen, Rep.",2008,0.488,4.787,TRUE
YEM,"Yemen, Rep.",2009,0.493,4.809,FALSE
YEM,"Yemen, Rep.",2010,0.496,4.35,FALSE
YEM,"Yemen, Rep.",2011,0.495,3.746,FALSE
YEM,"Yemen, Rep.",2012,0.497,4.061,FALSE
YEM,"Yemen, Rep.",2013,0.496,4.218,FALSE
YEM,"Yemen, Rep.",2014,0.485,3.968,FALSE
YEM,"Yemen, Rep.",2015,0.455,2.983,FALSE
YEM,"Yemen, Rep.",2016,0.443,3.826,FALSE
YEM,"Yemen, Rep.",2017,0.432,3.254,FALSE
YEM,"Yemen, Rep.",2018,0.427,3.058,FALSE
YEM,"Yemen, Rep.",2019,0.43,4.197,FALSE
YEM,"Yemen, Rep.",2020,0.43,3.308,TRUE
YEM,"Yemen, Rep.",2021,0.425,3.685,TRUE
YEM,"Yemen, Rep.",2022,0.424,3.59,FALSE
ZAF,South Africa,2007,0.644,5.204,FALSE
ZAF,South Africa,2008,0.653,5.346,FALSE
ZAF,South Africa,2009,0.665,5.218,FALSE
ZAF,South Africa,2010,0.675,4.652,FALSE
ZAF,South Africa,2011,0.686,4.931,FALSE
ZAF,South Africa,2012,0.696,5.134,FALSE
ZAF,South Africa,2013,0.705,3.661,FALSE
ZAF,South Africa,2014,0.714,4.828,FALSE
ZAF,South Africa,2015,0.721,4.887,FALSE
ZAF,South Africa,2016,0.711,4.77,FALSE
ZAF,South Africa,2017,0.725,4.514,FALSE
ZAF,South Africa,2018,0.731,4.884,FALSE
ZAF,South Africa,2019,0.741,5.035,FALSE
ZAF,South Africa,2020,0.722,4.947,FALSE
ZAF,South Africa,2021,0.721,5.599,FALSE
ZAF,South Africa,2022,0.717,5.581,FALSE
ZMB,Zambia,2007,0.495,3.998,FALSE
ZMB,Zambia,2008,0.506,4.73,FALSE
ZMB,Zambia,2009,0.519,5.26,FALSE
ZMB,Zambia,2010,0.528,4.337,TRUE
ZMB,Zambia,2011,0.534,4.999,FALSE
ZMB,Zambia,2012,0.548,5.013,FALSE
ZMB,Zambia,2013,0.554,5.244,FALSE
ZMB,Zambia,2014,0.557,4.346,FALSE
ZMB,Zambia,2015,0.563,4.843,FALSE
ZMB,Zambia,2016,0.564,4.348,FALSE
ZMB,Zambia,2017,0.568,3.933,FALSE
ZMB,Zambia,2018,0.571,4.041,FALSE
ZMB,Zambia,2019,0.574,3.307,FALSE
ZMB,Zambia,2020,0.569,4.838,FALSE
ZMB,Zambia,2021,0.565,3.082,FALSE
ZMB,Zambia,2022,0.569,3.728,FALSE
ZWE,Zimbabwe,2007,0.423,3.28,FALSE
ZWE,Zimbabwe,2008,0.42,3.174,FALSE
ZWE,Zimbabwe,2009,0.454,4.056,FALSE
ZWE,Zimbabwe,2010,0.481,4.682,FALSE
ZWE,Zimbabwe,2011,0.502,4.846,FALSE
ZWE,Zimbabwe,2012,0.522,4.955,FALSE
ZWE,Zimbabwe,2013,0.532,4.69,FALSE
ZWE,Zimbabwe,2014,0.539,4.184,FALSE
ZWE,Zimbabwe,2015,0.544,3.703,FALSE
ZWE,Zimbabwe,2016,0.547,3.735,FALSE
ZWE,Zimbabwe,2017,0.552,3.638,FALSE
ZWE,Zimbabwe,2018,0.564,3.616,FALSE
ZWE,Zimbabwe,2019,0.56,2.694,FALSE
ZWE,Zimbabwe,2020,0.554,3.16,FALSE
ZWE,Zimbabwe,2021,0.549,3.155,FALSE
ZWE,Zimbabwe,2022,0.55,3.296,FALSE
